clean_text,emotion
yeah im behind on my classic cinema calendarmaking i havent had time to go see any anyway,emotionally_overwhelmed
how come its so hard to find a guy with the same passion for love as for a woman am i ever going to see the day im lonely yall,emotionally_overwhelmed
grr my stupid meebo is disconnecting me every  seconds,emotionally_overwhelmed
one of my cats is sick,emotionally_overwhelmed
oc im seriously screwed  i havent studied at all,emotionally_overwhelmed
oh insomnia i hate you im bored of staring at my ceiling cano go sleepnow please,emotionally_overwhelmed
playing bejewled on facebook  it i want a higherscore,emotionally_overwhelmed
that didnt work unfortunately,emotionally_overwhelmed
i dont know why i follow sme of the ppl that i do they e anoying and boring  note to self unfollow peeps on monday morning,emotionally_overwhelmed
almost ready for new beta until we found a showstopping bug   please standby,emotionally_overwhelmed
st joe is dirty,emotionally_overwhelmed
i cant believes its already monday the weekend went by soooo fast keeping my fingers crossed that will too,emotionally_overwhelmed
just watched hella home movies with my aunt and uncle i miss the days where our whole family got along,emotionally_overwhelmed
how the  do  songs fill an ipod that is supposed to hold,emotionally_overwhelmed
home alone and no one left me any gummy bears,emotionally_overwhelmed
im depressed on this pretty day  everyone either is doing something or cantbleh,emotionally_overwhelmed
my ear hurts and this is my medicine gum,emotionally_overwhelmed
i am watching blood  on veoh episode  love the musicwishing i could watch the live action but not old enough,emotionally_overwhelmed
you are lame  go make me breakfast,emotionally_overwhelmed
i wanna see the rest i only saw like  minutes,emotionally_overwhelmed
screw the fact you cant post long updates on twitter,emotionally_overwhelmed
stupid storm no river for us tonight,emotionally_overwhelmed
att cheated the system and now i have no green day tickets   you att,emotionally_overwhelmed
ready for this saddenning depressing dullful upsetting dreadful weekend,emotionally_overwhelmed
everyones just set to away on msn nobody to talk to,emotionally_overwhelmed
with hubby at the dentist ready to hold his hand  and getting nervy about potentially buying a car tomorrow,emotionally_overwhelmed
is going to be off line for the rest of the day made some progress on a game over the weekend  you may not like me again,emotionally_overwhelmed
sunburn is really bad now regretting sitting in the sun without suncream now,emotionally_overwhelmed
yea someone is getting the best of me,emotionally_overwhelmed
i honestly hate what i have said to some ppl sometimes sorry for makin an  of myself to anyone,emotionally_overwhelmed
start of diet today  i think i have to face i will never get back down to kilos unless i cut a leg off,emotionally_overwhelmed
tweetioi in class is a real problem  taylor,emotionally_overwhelmed
i talked to kat that is crappy,emotionally_overwhelmed
so my coworkerfriend told me the manager who sent me home is afraid shes in trouble for sending me home haha dumb,emotionally_overwhelmed
sorry for my lack of tweets  ive been buzy new vid this saturday,emotionally_overwhelmed
well piss on that i cant get into their site  work nor does it come thru on my phone,emotionally_overwhelmed
dont you hate it when youre left with one slice of bread left in the bag half sandwich,emotionally_overwhelmed
so my parents are too busy making me feel like  to realise that ive got worse and need to see a doctor again no sleep sucks,emotionally_overwhelmed
britains got torture  edelcries,emotionally_overwhelmed
might have broken text messages,emotionally_overwhelmed
now i am depressed after watching so you think you can dance,emotionally_overwhelmed
just finished playing mahjong i lost  to mag and weisheng,emotionally_overwhelmed
does it start tomorrow  i was going to book sam on that and forgot,emotionally_overwhelmed
yes i blame you all,emotionally_overwhelmed
lol me too going out at am isnt as easy as it used to be,emotionally_overwhelmed
is sick in the doctors waiting room,emotionally_overwhelmed
im feel deflated ugh no more dog,emotionally_overwhelmed
awwwh u stuck in traffic  booo,emotionally_overwhelmed
hell yea its hot here  i miss cali,emotionally_overwhelmed
this weather makes my fingers numb  still waiting,emotionally_overwhelmed
i have a bird living with me  so i have to find other ways to kill these  things beside the exterminator    it sucks,emotionally_overwhelmed
test another update sorry for bothering all of u guys,emotionally_overwhelmed
would wish the severe migrains would stop docs prescriptions arent working,emotionally_overwhelmed
i just cried whilst watching hollyoaks   i need a life lol,emotionally_overwhelmed
i put a real pic of myself up im going to miss the avatar,emotionally_overwhelmed
ano pa bang aasahan ko sa iyo you never fail to fail me,emotionally_overwhelmed
is sooooo hungry right now shouldve eaten before this wedding,emotionally_overwhelmed
really sick,emotionally_overwhelmed
oh no its raining on our sea world parade,emotionally_overwhelmed
hours sleep last night  barely functioning,emotionally_overwhelmed
bummer  i hope it doesnt continue too long,emotionally_overwhelmed
watching army wives and it always makes me cry,emotionally_overwhelmed
bout to knock out feelin a lil sick  peace yall,emotionally_overwhelmed
laundry instead of sitting here that darn laundry keeps mocking me,emotionally_overwhelmed
i bought cheesecake ice cream last week thinking it was good and it sucked so much   im taking yours,emotionally_overwhelmed
so sad i have to pay,emotionally_overwhelmed
guess i missed out on more than beer and a good time,emotionally_overwhelmed
he cant fix it   i guess ill write until i get too bored then watch tv man this is lame,emotionally_overwhelmed
mariemy heart goes out to you,emotionally_overwhelmed
oi are you mocking the fact i dont cry at tv things  feels badxxx,emotionally_overwhelmed
too much no not unless one of the pillows ends up suffocating the one sleeping next to you,emotionally_overwhelmed
yeah i left cause my pc cant run the client anymore i had thought i would have a new one by now,emotionally_overwhelmed
now im all sad because ill probably never see fleetwood mac,emotionally_overwhelmed
dont go to logan square were pretty sure the shirt isnt there   more philly local tmrw,emotionally_overwhelmed
owww back pain  hm walmart or no i could get cupcakes,emotionally_overwhelmed
i still miss him and i dont think hes coming back,emotionally_overwhelmed
stuck here  lady,emotionally_overwhelmed
is having trouble breathing through the painand now i have a  fever,emotionally_overwhelmed
im really sorry i know wallah how u feel this life is shittttttttt,emotionally_overwhelmed
i cant find my camera,emotionally_overwhelmed
oh,emotionally_overwhelmed
do it at like like  causeee im babysitting haha or you should call me causeee im kinda bored right now,emotionally_overwhelmed
tried to swat a fly with my buddhist magazine bad karma,emotionally_overwhelmed
doing my folio work but keep on getting distracted by deb pics,emotionally_overwhelmed
mm films usually handled at fuji  oh i met a girl at san diego kwento soon i miss youuu,emotionally_overwhelmed
why has it been so long since i have talked to you let alone seen you it makes me sad,emotionally_overwhelmed
excitement  new followers overnight sadness  of them are ad bots,emotionally_overwhelmed
my neck hurts a lot,emotionally_overwhelmed
whats the point of wisdom teeth nothing grr in so much pain and i look like a chipmunk fml,emotionally_overwhelmed
i miss the soulja boy dance,emotionally_overwhelmed
every pair of jeans i own nowadays is very tight  i think mah butt gettin big oh,emotionally_overwhelmed
i think everyone hates me on here   lol,emotionally_overwhelmed
listening to maylene and wondering why cant i pull off as many cool southern metal licks as them,emotionally_overwhelmed
i got a headache because of all the hard work today still not ready with a  trying to finished up,emotionally_overwhelmed
internet jus cut me off  was bout  shoot sum guys eye out  kandi,emotionally_overwhelmed
hey mitchel when will you be live again i didnt get a chance to call you,emotionally_overwhelmed
het there r u finished cleaning your pond u shouldnt stay too long u will get all wrinkled up kidding,emotionally_overwhelmed
my baby shut me down,emotionally_overwhelmed
i refuse to get excited as i dont want to be let down  if it happens as long as its not between june    or id die,emotionally_overwhelmed
cheer up lizzi there will b another foh hero concert   but still i suppose we can b upset  xoxoxo,emotionally_overwhelmed
the lab informs me the logic board is dead as well it is farking expensive to replace i dont know what to do,emotionally_overwhelmed
trying to get to sleep but mum is blaring les mis really loudly in the sitting room,emotionally_overwhelmed
ugh nothing to do in the valley  seriously gotta move out of here,emotionally_overwhelmed
my throat hurts and i cant sleep,emotionally_overwhelmed
hell yes im too late,emotionally_overwhelmed
home dont feel like going to work tomorrow,emotionally_overwhelmed
i think my niece got me sickee  lame,emotionally_overwhelmed
only gets spam in her college email account now what a way to rub in graduation,emotionally_overwhelmed
sorry mike was assuming it was music that was missingi dont know then a mystery,emotionally_overwhelmed
an hour in the sun turned me into a blancmange sucks to be pale,emotionally_overwhelmed
anyone have tickets to the mtv movie awards some guy scammed me,emotionally_overwhelmed
i hope you didnt take that quote personally ive been throwing them out here and there all dayguess i shoulda waited a bit,emotionally_overwhelmed
i definitely feel sorry for jamie stewart amsterdam audience can really suck wwwxiuxiuorg and read his post of may th,emotionally_overwhelmed
frustrated by my stupid iphone i need a blackberry,emotionally_overwhelmed
this is absurd  i feel like a dipping in the pool real quick  its too bad i dont have a poool,emotionally_overwhelmed
back to work tomorrow  whose idea was it to go back on a saturday oh wait that would be mine fail,emotionally_overwhelmed
im sadill miss you grandma angie you were always like a rd grandma to me,emotionally_overwhelmed
omfg one of the worst days ever,emotionally_overwhelmed
my shoes hurt my feet,emotionally_overwhelmed
feels sorry every time im printing out i use like  new papers,emotionally_overwhelmed
man i am really sorry,emotionally_overwhelmed
my plans have been ruined,emotionally_overwhelmed
i killed my dill plant again why does this happen with dill it is doing great then suddenly its dead,emotionally_overwhelmed
err i think theyre like  bucks a ticket cause its d too too expensive,emotionally_overwhelmed
i know but work is so boring i prefer the  take on life,emotionally_overwhelmed
ive been reading up on sims  genetics on the sims  forums apparently hair dye is passed on to offspring im very disappointed,emotionally_overwhelmed
pissed that my bluetooth headsets battery out lasted my cells battery gg moto q,emotionally_overwhelmed
outlook not so good,emotionally_overwhelmed
i hve a blister on my pinky nd it hurts soooo much,emotionally_overwhelmed
now i have a sunburn,emotionally_overwhelmed
days left until freedom i really just want to get through this weekend i hate essays,emotionally_overwhelmed
sadly i think i know exactly were you put itin the expired drawer   those things have a life span of less than two years,emotionally_overwhelmed
wow that was fastnext up soderling or ferrer gilles simon lost,emotionally_overwhelmed
jus got back from a run up sunset blvd my cuzin tried to kill me my legs are still movin and im sittin down,emotionally_overwhelmed
ugh fun concert  screen cracked on phone again because it fell,emotionally_overwhelmed
think you should do a tour in england we dont got to see any aweomse people,emotionally_overwhelmed
i was going to but im stuck with it as i seem to have misplaced my remote  its extra bad tonight as well,emotionally_overwhelmed
ahhhhhhhhi cant get miley to notice me,emotionally_overwhelmed
poor tony  come play scrabble on facebook,emotionally_overwhelmed
i just saw a bird slowly die right next to me,emotionally_overwhelmed
everyone is working tonight im bored,emotionally_overwhelmed
you can see the coffee table again so when r u cominging  over  insult me into cleaning the rest of the house,emotionally_overwhelmed
what happened with her why is she being so wierd all of a sudden,emotionally_overwhelmed
iddon blerrrrrrrrrrgh im too hot and all sticky,emotionally_overwhelmed
i hate stupid boys arrgh,emotionally_overwhelmed
oh nosorry to hear that,emotionally_overwhelmed
the voter paint just peeled off my skin or maybe my skin just peeled off with the voter paint,emotionally_overwhelmed
aw that wee lassie made me cry  tears streamin doon ma face lol thats a wee shame x,emotionally_overwhelmed
will have to its only across the water and all just damned expensive,emotionally_overwhelmed
i hate it when my bff is groundedd  boooooooooo,emotionally_overwhelmed
feels sick to my stomach and idkk whyy,emotionally_overwhelmed
is bummed outi dont have even one testimonial on flickr,emotionally_overwhelmed
im having trouble viewing it as well on you tube for some reason,emotionally_overwhelmed
cut my thumb with the saw in small metals   again,emotionally_overwhelmed
well test that theory  with no right arm to strum with  got a feelin ill be humming my new tunes for a while,emotionally_overwhelmed
beag     i hate cat pee,emotionally_overwhelmed
long day and i still have to mow the lawn,emotionally_overwhelmed
it takes a big man to type a sad tweet like that,emotionally_overwhelmed
i am so bored i really dont know what to do,emotionally_overwhelmed
my net died so yeah  im sad now,emotionally_overwhelmed
they wouldnt reverse any of my overdraft fees,emotionally_overwhelmed
its ugly and gray outside even in san diego not too cold will get to  but maygray junegloom for us all,emotionally_overwhelmed
sore throat this is not good i have four performances this weekend,emotionally_overwhelmed
weird maybe all the updates just arent being sent to my phone  haha,emotionally_overwhelmed
sometime around midnight by the airborne toxic event literally cannot escape it fml,emotionally_overwhelmed
this picture made me cry  lol,emotionally_overwhelmed
i found out that theres sushi with fake crab meat and its not good for you,emotionally_overwhelmed
does not feel like babysitting i want to go to the gym weird i know i miss zack,emotionally_overwhelmed
hey guys y did the sun make my day gloomy,emotionally_overwhelmed
you are the result of a broken condom,emotionally_overwhelmed
i made a vid for you proving my skills that you denied but my step dad said hed disown me if i posted it    sowey,emotionally_overwhelmed
i have not been this sick in years omg this sucks so bad sickness ended up including a full restroom cleanup,emotionally_overwhelmed
youre diabetic   so is my dad   i might be too not sure  are you still allowed to eat sugar throughout the day,emotionally_overwhelmed
yeah ill probably stop when all of my stories are completely finished that wont be for a while though wide awake,emotionally_overwhelmed
feels really sick,emotionally_overwhelmed
i miss you,emotionally_overwhelmed
oh no my fun weekend with friends is gone my mother has made a family weekend of it,emotionally_overwhelmed
i should have know that extra hand comment would cause trouble  about to upload house music and beyond vol,emotionally_overwhelmed
jesus christ meadowhall could do with better air con too hot,emotionally_overwhelmed
rip curls,emotionally_overwhelmed
sadly i cant view that site due to region restrictions,emotionally_overwhelmed
now in a weird mood  muahaz,emotionally_overwhelmed
dubbs curse you igloo dwellers,emotionally_overwhelmed
feels my cousin is a monkey,emotionally_overwhelmed
sites that republish my blogs feed often end up higher than my blog on google search results,emotionally_overwhelmed
im really bored my brother went to get his permit stay off the roads jk lol it feels like all my friends have abandoned me except,emotionally_overwhelmed
hey thats my school i hate that place,emotionally_overwhelmed
twitter fam im about to hop back on aim i went ghost on yall lolz sowwy,emotionally_overwhelmed
awaiting reply from two projects one cancelled,emotionally_overwhelmed
i just watched marley  mei cried so hard,emotionally_overwhelmed
i dont want to be a complete hypocrite  i attended an rrated event while i was there  the timing was just ironic,emotionally_overwhelmed
oh god a moth was living in a  power outlet  actually my powersquid,emotionally_overwhelmed
moving offices  im going to miss you hollywood,emotionally_overwhelmed
dammit  i need new cupcake tins,emotionally_overwhelmed
blah to car repairs almost  dollars   shopping around for a better deal,emotionally_overwhelmed
nne im not having a good day,emotionally_overwhelmed
yeah do you feel anything at all i remembered i was looking at loopt on his phone and that  was coughin all over that,emotionally_overwhelmed
sorry  i misspelled twice already im notgiving you up just have to run,emotionally_overwhelmed
wonders if anyone would care if she died tomorrow,emotionally_overwhelmed
the old blue g is too slow to code on nowadays i have a laptop ive borrowed from work  lets me lounge while i browse,emotionally_overwhelmed
wondering why its so cold  the skylight is open  i left the gas on this morning,emotionally_overwhelmed
i totally forgot my phone at home this morning,emotionally_overwhelmed
crying to a walk to remember as usual,emotionally_overwhelmed
its trashy and sensationalistso yes,emotionally_overwhelmed
yeah i got ur text well ive only been on summer break for a week and so far its been boring all i do is watch tennis matches,emotionally_overwhelmed
best friend is leaving to go back to school todayi am so sad,emotionally_overwhelmed
bad mood and i dont feel good too bad no one cares,emotionally_overwhelmed
theres relisting fees when you dont complete a sale  that sucks,emotionally_overwhelmed
this morning i rode behind a guy with a bird cage containing a plastic tyrannosaurus rex attached to his bicycle i couldnt get a photo,emotionally_overwhelmed
im following you im following you im sorry  ahhahah i missed you,emotionally_overwhelmed
hugs oh gosh im sorry,emotionally_overwhelmed
lauras gone for the weekend i miss her already,emotionally_overwhelmed
d but it is making people unhappy and i dun like unhappiness,emotionally_overwhelmed
i missed them at red rocks  sad couple of days,emotionally_overwhelmed
i have  friends going  so jealous,emotionally_overwhelmed
hushstop teasing,emotionally_overwhelmed
omg did anyone see the wee girl on bgt sucha shame,emotionally_overwhelmed
that sucks  booo,emotionally_overwhelmed
not made it to work  couldnt get up feelin blurgh,emotionally_overwhelmed
i miss my puppy,emotionally_overwhelmed
i think my cold is getting worse not better  i cant stop coughing  it really sucks,emotionally_overwhelmed
i cant wait to start my weekend im so sick of working i have to selfmedicate and im fresh out of herb,emotionally_overwhelmed
no phone call yett hrmm maybe a call from my end is in order  ill wait a bit longer prom nights are often spuratic moments,emotionally_overwhelmed
yes i think so unless it changed  i sent u a happy mothers day text but u never responded back,emotionally_overwhelmed
me too,emotionally_overwhelmed
sad that christian lacroix had to file bankruptcy,emotionally_overwhelmed
unfortunately im not drunk enough lol and have no money to get drunk  i have had alot though as u can imagine haha,emotionally_overwhelmed
man i am being boring today not tweeting  how are you guys,emotionally_overwhelmed
natalya you gotta tell me whats going on id call you but i lost all my phone numbers when i broke my blackberry,emotionally_overwhelmed
which denomination im at the library and everythings blocked,emotionally_overwhelmed
bebop thats lame sorry,emotionally_overwhelmed
people are peoplenooooo id never have guessed thtidiotim grouchy now,emotionally_overwhelmed
internet  drawing   im backing up blackberry files which could take hours  then to the drawing preps done,emotionally_overwhelmed
i think im broke again,emotionally_overwhelmed
did a historical jesus ever exist im finding it hard to prove its all hearsay accounts  it bugs me,emotionally_overwhelmed
uhohits becoming grey again out here i hope its not one of those popup showers on the way,emotionally_overwhelmed
just got laid off  stupid economy,emotionally_overwhelmed
morning everyone sorry for going early last night had bad news felt totally    today is a new day,emotionally_overwhelmed
heading off to poole around ish  has some serious gardening to do before we go no tweetdeck til sunday evening,emotionally_overwhelmed
this is post guitar hero  kicking,emotionally_overwhelmed
simplegirl  i have to miss the festivities this evening  heading up the hill and wont have internet and no bb service,emotionally_overwhelmed
im dreading hearing even worse news tonight,emotionally_overwhelmed
nothing could get worse or could it if it did i think id be on the verge of killing myself or someone else things are not good anymore,emotionally_overwhelmed
i hate it when a website says the ticket prices are on another website and their not,emotionally_overwhelmed
i am surprised you havent fired  for announcing the whole world of they body theyd found selfish,emotionally_overwhelmed
it hurts now,emotionally_overwhelmed
anybody else experiencing painful slowdowns with facebook,emotionally_overwhelmed
gosh ive a stinky old headache maybe i should have lunchfast,emotionally_overwhelmed
i shouldnt have left,emotionally_overwhelmed
yeah i need his fricken cell number ive tried his home for months and hes too busy i miss braddddddddd,emotionally_overwhelmed
ohh yeahh  im probs gonna be a loner to start with thanks to the person i was gonna go with be a,emotionally_overwhelmed
dear rain you suck now i gotta change my plans for tonight,emotionally_overwhelmed
straighening my hair and its not going as straight as i want it to be what a  bummerrr for me,emotionally_overwhelmed
i dont really trust the judgements and vouches of xo   jk ill think about becoming a friend of yours,emotionally_overwhelmed
back time  i wish i was a teenager again i wish i could feel healthy again i cant remember what its like to feel healthy anymore,emotionally_overwhelmed
hmmm wrong link ignore my tweet,emotionally_overwhelmed
its weird being at the guys house without them here i dont like it,emotionally_overwhelmed
my eyes are starting to hurt so late but must reach  updates due to tweets sent to youuuu philippines tour pleeease,emotionally_overwhelmed
just saw a dooope bmw  series parked with the top backto bad it was raining,emotionally_overwhelmed
im hangin out with my cousin holly and tlkin  my grandparents  my phone went dead,emotionally_overwhelmed
thats odd as its on my lap  maybe thats your cat o s,emotionally_overwhelmed
omg no icecream,emotionally_overwhelmed
only  tweet in the last  hours  nobody likes my tweetboard,emotionally_overwhelmed
lazzzzzzzzzzzzzzzy monday  bank holiday  nicole why havent u direct msged me yet,emotionally_overwhelmed
oooh you just spoiled my teenage fantasy,emotionally_overwhelmed
have to go to the dreaded dmv tomorrow,emotionally_overwhelmed
theres something about this area that makes my tonsils swell up everyday i dont get it  i feel slightly miserable  done  now,emotionally_overwhelmed
aww thats too bad you lost it though,emotionally_overwhelmed
so many farewell parties sad to see people leaving,emotionally_overwhelmed
im slowing on my tweetscuase i lost my phone,emotionally_overwhelmed
i broke my ipod,emotionally_overwhelmed
that seized bolt ya its still stuck the bushing is actually seized to the bolt very very lame   perhaps some heat will work,emotionally_overwhelmed
booo my best friend is leavin for the weekend what ever will i do without her,emotionally_overwhelmed
i feel so deflated no more doggy,emotionally_overwhelmed
playing at my old school playground still the same except them lame  got rid of the tire swing,emotionally_overwhelmed
why is everyones tweets about britains got talent i feel left out,emotionally_overwhelmed
im a sad panda hulu doesnt have the elephant show   no skinnamarinkydinkydink sing alongs for me,emotionally_overwhelmed
i miss you terribly,emotionally_overwhelmed
my applemouse doesnt work on my shiny red coffee table,emotionally_overwhelmed
not really having a good night missing my little girl,emotionally_overwhelmed
really that son of a  screw him ill talk to on msn later k  xox,emotionally_overwhelmed
oh no i must be gettin old my mom use to watch this showi miss her,emotionally_overwhelmed
brah u not happy,emotionally_overwhelmed
miss u too im still at a clubu knowwest coast,emotionally_overwhelmed
what did you think of the finale  i thought it was kind of a cheap way out,emotionally_overwhelmed
sad daniel is leaving florida now just gave him a big hug,emotionally_overwhelmed
spent the last  years largely ambivalent about sw dev practices can feel care factor returning look out,emotionally_overwhelmed
youre silly,emotionally_overwhelmed
i always hope they will die out but then i see the the old ones and it makes me sad,emotionally_overwhelmed
haha yea i just feel like its being taken the wrong direction used to be a cool place now its a mess,emotionally_overwhelmed
cramps,emotionally_overwhelmed
i know i miss her,emotionally_overwhelmed
its coming out the socket  i feel like my phones hole is not a virgin thats how loose it is,emotionally_overwhelmed
looks like were rained out for weekend climbing,emotionally_overwhelmed
tried to join the chat but the site would not let me sign in,emotionally_overwhelmed
my mind is racing  bc of  words he wrote  i hate him but i hate her most  and i cant keep from falling for him,emotionally_overwhelmed
omgosh its  degrees and im sweating and miserable  what am i gonna do when i visit the atx needac needac,emotionally_overwhelmed
i cant go to the grocery store on an empty stomach thats trouble i wanna see ur show but not sure ill get to  let u kno,emotionally_overwhelmed
the poor pirate had out his last wisdom tooth and is looking really peaky,emotionally_overwhelmed
i think you were dreaming that  however my memory does suck so maybe not,emotionally_overwhelmed
feeling awful new medication is making me nauseous,emotionally_overwhelmed
all of a sudden im craving broccoli and cheese soup really bad my mouth is watering envisioning a bread bowl in my head,emotionally_overwhelmed
have to wear my glasses today cos my right eye is swollen and i dont know why,emotionally_overwhelmed
psa being that ive been usuing twiddict my last  tweets have yet to show on the bored bare w me,emotionally_overwhelmed
is anyone awake oh my god i am dying here i want to go to sleeeeeeeeeeeeeeeeeeeeeeeeeeeeeeeeeeeeeeeeeeeeeeeeeeeeeeeeeeep,emotionally_overwhelmed
no launch today teacher changed plans and we watched a stupid move about tesla,emotionally_overwhelmed
sooo the childrens museum was closed for a fund raiser when we got there  annoying,emotionally_overwhelmed
wants  to come back online so that he can talk about all the gossip and horrible things which transpired today,emotionally_overwhelmed
dislocating your thumb more painful than dislocating your toe i was reminded of this today thankfully by my toe still feels weird,emotionally_overwhelmed
yes but im quite rusty  im hoping to get back to it and tune up my skills  tim plays guitar  we threaten duets,emotionally_overwhelmed
im in va for the weekend my youngest son turns  tomorrowit makes me kinda sad he is getting so big check out my twipics,emotionally_overwhelmed
lost my dc hat,emotionally_overwhelmed
in commentary   i was with her was sad very sad,emotionally_overwhelmed
my nose stud fell out and i cant find it  looks like ill have to head into amsterdam today and get a new one,emotionally_overwhelmed
jessie has gone away  the weekend i miss her already,emotionally_overwhelmed
aww  but we miss you here in the usa,emotionally_overwhelmed
my guinea pig died today,emotionally_overwhelmed
sadly  brother told me there are no skateparks where he lives bummer,emotionally_overwhelmed
you disappointed me,emotionally_overwhelmed
eating my roommates cereal sorry bro,emotionally_overwhelmed
too sick for rigging tomorrow,emotionally_overwhelmed
well miss you im sad i didnt get to meet you,emotionally_overwhelmed
nooooo  working this weekend,emotionally_overwhelmed
twitter has spoiled all the fun frustratingly slow  couldnt even bid properly,emotionally_overwhelmed
ohh sorry  thats someone elses pic  my bad,emotionally_overwhelmed
kimmeh me too i miss it  i however will  for the rest of my life,emotionally_overwhelmed
there is always one joykill in the crowd    haters,emotionally_overwhelmed
alo is so sad and quiet and empty tonight,emotionally_overwhelmed
does real detroit weekly not have a websiteoh the horror the horror,emotionally_overwhelmed
perhaps they see it as the twitter version of pulling someones pigtails let me know if that works out for you,emotionally_overwhelmed
you know i am so ashamed i did not watch a single episode of the new gh season  i kept falling asleep so i gave up,emotionally_overwhelmed
discovered that numpy arrays can hold values of any type  useful for manipulating arrays of numbers with uncertainties,emotionally_overwhelmed
im sunburnt on my arms and i have burnt my mouth and some skin is coming off,emotionally_overwhelmed
just got notified my podcast was accepted into itunes  of course i then realized it was miss formated  fixed now,emotionally_overwhelmed
i kinda like not having a car but there have been situations lately where i have been prevented from participating due to my carlessness,emotionally_overwhelmed
fml not having a car is prohibiting finding a job,emotionally_overwhelmed
so yeah things arent going so well for me im getting to feel like i havent felt in a long long time,emotionally_overwhelmed
youre alive  go w the notebookitll make you cry and stuff,emotionally_overwhelmed
i feel very ill i think im dehydrated,emotionally_overwhelmed
has made a decision and will stick to it although im really not sure its the right one,emotionally_overwhelmed
gutted the kitchen is empty literally empty no even kidding im so hungry,emotionally_overwhelmed
grr we are only allowed gas grills where i live it sucks,emotionally_overwhelmed
im jealous  im slaving away at the store and youre chilling on the boat,emotionally_overwhelmed
anyone ever had that heavy feeling of sadness in their hearts thats my case rite now,emotionally_overwhelmed
pansy  wtf codeh,emotionally_overwhelmed
i cant sleep this is so darn frustrating,emotionally_overwhelmed
hmmm really thats weird idk about that one  sowwy,emotionally_overwhelmed
radio royals am transmitter has packed up today not good   anyone got a spare in your shed lol,emotionally_overwhelmed
is ugh what a miserable looking day  degrees where did summer go,emotionally_overwhelmed
anyone have a super nintendo controller they want to sell me mine broke,emotionally_overwhelmed
babysitting in the sun and heat im getting lots of freckles,emotionally_overwhelmed
hate working when its sunnyboohoo,emotionally_overwhelmed
while driving u come across aggressive driving behaviour by another driver u should chase the car  tell the driver how to drive,emotionally_overwhelmed
ugh my feet feel like theyre going to fall off,emotionally_overwhelmed
i failed in my assassination attempt on louis  re,emotionally_overwhelmed
please send me those youtube links erin watched most of them but i was cooking and didnt get to see the cowboys,emotionally_overwhelmed
oyler poor little woman with her smushed in head,emotionally_overwhelmed
wtf rehearsal  off  got to space and room was booked and the  brothers have stuff right after so we cant transfer to another room studio,emotionally_overwhelmed
this is the worst,emotionally_overwhelmed
english screwed up my overall percentage in x in xii again and probably in adm tests too  happens,emotionally_overwhelmed
were off  im sorry parents coming in around  gonna eat with them then househunt in richardson raaaain cheeeck,emotionally_overwhelmed
bahah sadly i am not,emotionally_overwhelmed
ive been sat sunbathing in the bombed out church all day and left and missed you,emotionally_overwhelmed
aww thats sad  i miss seeing you guys on the big screen,emotionally_overwhelmed
the underwire in my bra is sticking out and poking me in the armpit,emotionally_overwhelmed
i think the food i ate made me sick i no feel so good,emotionally_overwhelmed
i cant sleep i cant find my grandmothers quilt or locket im sick at myself cause i may have lost them somehow or they were stolen,emotionally_overwhelmed
no pool today   stupid weather,emotionally_overwhelmed
is feeling sick  oh well i reckon those people on the bus cursed me anyways nighty night all,emotionally_overwhelmed
so far ive tried to kill myself twice in the  mins ive been outside by tripping on stupid things  i knew i shouldve stayed in bed,emotionally_overwhelmed
wow tomorrow and then its over ill never see some of those people again its kind of sad,emotionally_overwhelmed
im missin out on all the fun aww  cryin lol,emotionally_overwhelmed
i rarely sleep cant help it   hehe,emotionally_overwhelmed
these messages are teasing me it isnt fair,emotionally_overwhelmed
my bike was put on holdshould have known that argh total bummer,emotionally_overwhelmed
i dont have  work saturday  i was suppose  hang out with my friend  watch it we can still hang out but no jonas,emotionally_overwhelmed
yup its working they couldnt recover anything on it though,emotionally_overwhelmed
no my school will start on june  two days to go i still dont want l,emotionally_overwhelmed
gosh im bored its earlyn i wanna goto sleeeepp why am i at work  kay,emotionally_overwhelmed
but i do emily ahahha you scare me so it would work,emotionally_overwhelmed
i am in kuala lumpur and i know i vanished haha i broke up with my last boyfriend thats why im back,emotionally_overwhelmed
are you serious that bloooooows,emotionally_overwhelmed
heyy i have a sis of  year with  months and still she don t want to walk,emotionally_overwhelmed
my birthday weekend cant find where my ex hid our dane cook tickets for tomorrow wtf thats all i wanted for my birthday,emotionally_overwhelmed
caught tweets on it and got home in time for the last  mins of the itv show  out tonight too so will miss it again,emotionally_overwhelmed
lappy charger is completely dead conserving whats left of the battery until i can afford to buy a new one,emotionally_overwhelmed
brian cat still hasnt shown upi feel sad and sick im afraid hes been eaten by something    it doesnt look  good,emotionally_overwhelmed
sucks that i dont have a drawing tablet,emotionally_overwhelmed
oh jealous though youre missing the fried potato bread,emotionally_overwhelmed
feeling bad for  profile pic,emotionally_overwhelmed
itx no credits for me unfortunately,emotionally_overwhelmed
woke up early this morning  not happy bout that headache dizzy cant breathe yeh im still sick,emotionally_overwhelmed
hello there taylor  i miss you its been  months,emotionally_overwhelmed
iamkiara  im so sick  i fell over last night outside coz i was putting something in the bin,emotionally_overwhelmed
well looks like it is going to be another night without my snuggle bug  missing my big girl,emotionally_overwhelmed
oh no my tweetdeck is malfunctioning o il have web will its fixd,emotionally_overwhelmed
i am going to die tomorrow night   should be here,emotionally_overwhelmed
all ready for work except my arm,emotionally_overwhelmed
omggg i just heard someone is gonna die on the new season of the secret life of the american teenager  noooo,emotionally_overwhelmed
oh  i completely forgot about thirsty thursday oh my gaga this sucks,emotionally_overwhelmed
yeah  the entire time i was all swoon bc of his eyes swoons thinking about it,emotionally_overwhelmed
sorry to hear your news,emotionally_overwhelmed
jtv what i was only gone for  minutes and youre already showing boobage without me,emotionally_overwhelmed
the heater blew up,emotionally_overwhelmed
my msn crashes way too much  hmph,emotionally_overwhelmed
working during graduation what a shame,emotionally_overwhelmed
gosh i miss singers theater  i miss learning music doing acting exercises n i especially miss being onstage,emotionally_overwhelmed
seagull hates me and im utterly depressed about it i miss him,emotionally_overwhelmed
im at work and im still sick and im really pissed off about sunday,emotionally_overwhelmed
i meant looking like a tiger  stupid predictive text,emotionally_overwhelmed
i hate going online and looking at the balance in the bank  its always a lot lower than i need it to be,emotionally_overwhelmed
sorry demi just read post that you can attend bgt im sure your support for sb has helped tho  a world without paps plzz,emotionally_overwhelmed
i want to be at the beach in the sun,emotionally_overwhelmed
oh final msg  why didnt you review my boardgame bookchase when you were on telly we didnt even get a nice letter,emotionally_overwhelmed
i juz registered my cp in twitter but my tweets wont go thru arghhmm wanna follow my idols lyk  away from the pc,emotionally_overwhelmed
in pain my big toe got stamped on during the hokey cokey it hurts so much anyone have any suggestions to help with it,emotionally_overwhelmed
i took my antibiotics and i still feel like,emotionally_overwhelmed
bgt made me cry tonight,emotionally_overwhelmed
idk i cant do,emotionally_overwhelmed
nevermindi kept reading and see yall r gonna be in williamsburg   ill mind my business now lol,emotionally_overwhelmed
im all scared and bruised,emotionally_overwhelmed
awhile ago it freaking hot now its wet  turn off,emotionally_overwhelmed
i am going to be sooooo busy today its not funny i hate busy days,emotionally_overwhelmed
it makes me sad when people phones are sick,emotionally_overwhelmed
crying real tears,emotionally_overwhelmed
why did everyone seem to leave me this weekend  sigh in bed,emotionally_overwhelmed
wont be going to the oxford internet institute sunner doctoral programme in brisbane lack of funding,emotionally_overwhelmed
tracy and berwick breaks my achy breaky heart  they split ways in the hallways,emotionally_overwhelmed
lol exams i didnt go to mcast or other school i finished form  and thats it soo disappointed in myself,emotionally_overwhelmed
how are you gonna get them i got bitten,emotionally_overwhelmed
grinding skyguard rep this is less awful than i anticipated yet still awful last tabard i need,emotionally_overwhelmed
my spellingis awful on twiiter,emotionally_overwhelmed
yay registered but lost all my friends,emotionally_overwhelmed
musem equaled fail hall of  life was closed cause of construction,emotionally_overwhelmed
urghhhhhhhhhh your makeing me cry,emotionally_overwhelmed
awww that wasnt very nice,emotionally_overwhelmed
hey gerardo late response that day i was talking bout forgiving my brother  givin me wrong directions i got way to upset,emotionally_overwhelmed
aw that stinks im sorry,emotionally_overwhelmed
no ac the fan doesnt swing our way  we are sweating it out on a hot humid day,emotionally_overwhelmed
that little boy that drowned yesterday lived in our subdivision and went to nicoles school so so sad,emotionally_overwhelmed
hodges yup their loss,emotionally_overwhelmed
john sounds like a terrific service im sorry to hear about her mom,emotionally_overwhelmed
arent we though lol hes at work now and i miss him  blah wut cha up to,emotionally_overwhelmed
stupid my ipod is taking forever to load,emotionally_overwhelmed
ayy fml nothing is perfect,emotionally_overwhelmed
why did the blonde keep failing her drivers license testeverytime they stopped she jumped in the back seat,emotionally_overwhelmed
why is it so  cold,emotionally_overwhelmed
already misses,emotionally_overwhelmed
my gawwddd   headshotss inna row im on fyaaahhh,emotionally_overwhelmed
my poor little mth old was taken to hospital yesterday we are syringe feeding him at home because he doesnt want to drink,emotionally_overwhelmed
in school w linda doing nothing  i miss you,emotionally_overwhelmed
fortheloss dumbface  him not u what u up to on the wknd i wanna seeeeeee ya,emotionally_overwhelmed
thats not good,emotionally_overwhelmed
u never sent me carrie ur an  but an  that i miss,emotionally_overwhelmed
okay someplease save me now i am watching ninja warrier and eating an egg roll from last night,emotionally_overwhelmed
when they dont pop well i feel lousier after playing those,emotionally_overwhelmed
i gave up on tumblr because the api isnt pointing to the private account,emotionally_overwhelmed
la bens dreams make me so saddddddd  i want them to be togetherrr i swear if this  gets me bawlinggg so help me,emotionally_overwhelmed
jim i so much want to see the screen adaptation of kick  but once i found out nick cage was in it my heart sank,emotionally_overwhelmed
oh fml its probs gunna be at shepards bush  i hate it there,emotionally_overwhelmed
hey sorry i got off last night,emotionally_overwhelmed
conference call with hp  they gave me an invalid pass code so i cant attend,emotionally_overwhelmed
poor thing,emotionally_overwhelmed
the problem is superstars always deliver huge files too much energy pixels,emotionally_overwhelmed
i burned my legs  x,emotionally_overwhelmed
school is going to be absolutely horrible today peace out,emotionally_overwhelmed
allergies  sun is out wearing shorts  stuck with my advisory the whole day this should be boring except fun if people make it fun,emotionally_overwhelmed
oh it is so sunny,emotionally_overwhelmed
pm todays a drag for me so bored im about to get into the romance book so i prob wont be on til the morn  night twitter babes,emotionally_overwhelmed
aaaaaaaa i hate  winshit,emotionally_overwhelmed
mad as hell someone stole my pink  black leapord print pumps i wanted to wear today  but to god be the glory hell bless me abundantly,emotionally_overwhelmed
ok im frustrated there is hella dust between the screens of my blackberry,emotionally_overwhelmed
poor dead josh    please leave your messages of condolences there,emotionally_overwhelmed
oh kasa please lose the hair do,emotionally_overwhelmed
yeah freakin sucks,emotionally_overwhelmed
i keep trying to invite  out but i think shes afraid of me,emotionally_overwhelmed
i signed up for an account on a political website so i could post a comment but it isnt working,emotionally_overwhelmed
its gonna be hot here today too today is ryans last day of prek i cant believe it  ive been a sahm since i had him,emotionally_overwhelmed
im sad i cant go it makes me sad,emotionally_overwhelmed
im doing ok  i have a  year old going on  that is driving me crazy but that comes with the territory i guess,emotionally_overwhelmed
miss you captain,emotionally_overwhelmed
the neighborhood gas station is gone kaput out of business no more convenient trips for ice or whatevs over  miles now to travel,emotionally_overwhelmed
no he sabido nada de ti this is making me a bit sad i must say,emotionally_overwhelmed
no internet for a week or longer,emotionally_overwhelmed
chillin bored drinking a margarita txt me,emotionally_overwhelmed
getting ready to see my cousins graduate  gonna miss em,emotionally_overwhelmed
bad migrane and need to go to dancing tonight not a good combination,emotionally_overwhelmed
recession hit veronique branquinho she has to quit her company such a shame,emotionally_overwhelmed
he put a  mohawk in my son headhe just killed my vibe as always,emotionally_overwhelmed
im mo nudge you again better watch out,emotionally_overwhelmed
pulled in all directions and not knowing where to go,emotionally_overwhelmed
i was sent home yest from work when in again today but feel like hell and burning up with a high temp got it off hubby,emotionally_overwhelmed
themoon hiya hun its just not my day dentist appointment ouchnotebook being a  feeling sick  hows you,emotionally_overwhelmed
youuuure an aaass  my aaass loooool,emotionally_overwhelmed
just tried an energy drink to report back for you guys and im sweating and have the worst cramps i want to lie down,emotionally_overwhelmed
today i didt have lunch cuz wel i embarrass my self with all school  ok final tests and final year aaaaa thanx god  that friends,emotionally_overwhelmed
thats rough hubby had knee surgery but it did help him in the end let us know the results well keep him in our prayers,emotionally_overwhelmed
sick sick sick this sucks i cant even breathe properly,emotionally_overwhelmed
i hate when you cant sleep,emotionally_overwhelmed
i had my chance and blew it now i have to suffer the consequencesgnite tweeps,emotionally_overwhelmed
if you take backstreet boya and put them in silk mc hammer pants with sgt peppersbeatles coats and lame music then you have smap,low_focus
i have popcorn and fruitcake nowbut its just not the same as chocolate,low_focus
did anyone go photographing today i managed to get a few macro shots of some flowers that were blooming,low_focus
hi ms fussy  waves,low_focus
it is certainly spring in vail co  it is raining and snowing  doesnt mother nature know the mountain is closed for the ski season,low_focus
i always forget something when i travel i am at newark airport,low_focus
anyone have some advice i need it,low_focus
bristols is the ish i love their brunch on sundays ruth chris is good too but i got sick there once,low_focus
yes im down to  full on my dvr  i was at  like  days ago lol i swear if i didnt have a dvr i would never watch tv,low_focus
beat dont understand,low_focus
i read that as follows im a what whatd i do yes she is rather simple i miss you dicks too,low_focus
thanks iphone you kept me up till  am,low_focus
june   chino hills ca the  day it rained n june in socalwe had an outside grad had  move it  the gym,low_focus
i dont even know now lenaaa  when you going clothes show,low_focus
the trip was really great but i cant belive summers here,low_focus
got some new clothes  and series one of supernatural on dvd,low_focus
its suzi,low_focus
how come i want pizza,low_focus
just woke up making breakfast,low_focus
i think u have more than enough friends now including me lol,low_focus
really im an alumnus and i dont know myself and we didnt have macs yet when i was there,low_focus
i get so sucked in to true life and that steveo documentary was intense i love that  its nice to see people get their lives back,low_focus
i hate when that happens i hope you figure it out soon,low_focus
absolutely  i have a his view section on my site i know youre busy but you are more than welcome to guest post,low_focus
yeah its terrible  cockatoos are the hardest to live with so emotional good thing he found you though,low_focus
holy moley its raining cats and dogs here and i just got snazzified by min at salon mint,low_focus
if youre watching thisi love you i almost died but nowshe means nothing,low_focus
is at work  boo  the pinups will be playing at uncommon ground wednesday night at  pm  w devon ave chicago,low_focus
no cuz i feel the same way,low_focus
the live version is so much better,low_focus
is online,low_focus
i was just thinking about how excited i am for you guys to move but then i realized how sad i am to see you go,low_focus
btw do you realize your profile pic makes you look much older than you say you are,low_focus
ok over exagerrated twitter is not to bad i guess,low_focus
what did you get  my day is alright havent done anything yet leaving soon to my stepsister though,low_focus
witty  yes francebelgium was good  carnt belive how much traffic we hit on the way back,low_focus
oh is that time for real,low_focus
just left brooklyn going uptown for some latin coffee with a dollar sandwich cant find that in downtown brooklyn where brooklyn,low_focus
dang  i left my rolandos dinner leftovers at home i knew i should have put them in the shop fridge last night before we left downtown,low_focus
working on something exciting and i cannot tweet about it for several months,low_focus
i have it  hehehehe u want the torrent,low_focus
ok ermm ill meet you in the gym at half four then,low_focus
where is home,low_focus
hi ho  hi ho its off to work we go,low_focus
i dont like monday i wish it were sunday cause thats my fun day  that was my freaking jam when i was little   i miss it,low_focus
looks like its another night at the office lol,low_focus
aw sorry e  i hope it looks up for you lame ear and theres always next year  lamer ear  fail uhhlove ya e,low_focus
is never around for the sl quiz   i want water park tickets waaaa,low_focus
is listening to pnk tunage and trying to teach my cat to dance to it i think shes getting it we can be backing dancers by next tour,low_focus
did you google it too or maybe you actually knew the answer lol ps put uo the pics already from last night  im getting anxious,low_focus
rockstar umm how bout emaint get  see da game  but i see dey survived anotha game of da series due to notin but lebron im guessin,low_focus
is going to sleep tomorrow exam review,low_focus
good yeah i am fine thanks just dreading history tomorrow not in the mood for hyperactive  year olds lmao,low_focus
just used my last dvdr for the windows  iso next batch will be lightscribe dicsc  i want to see how that works,low_focus
i need to make more of an effort to meet some of my best online friends like    but  the money it costs d,low_focus
nope no way in to stop  just have to put up wiv it,low_focus
hameron ive seen those already i link them in my lj post,low_focus
carter the video is set to private,low_focus
you should check yourz rayne,low_focus
what timeeee my mom says i have to do something daw tomorrow eh but were never compelte,low_focus
whatever will be will be,low_focus
hello again  howd ur saturday go,low_focus
learning tat the scenic way  din plan to go town but somehow was herded there,low_focus
woke up an hour early just to study for        a test,low_focus
having the flu not the swinishone but the flu,low_focus
woo hoo  sun outside might be able to get some sunset shots tonight  fingers crossed,low_focus
well you are a tricky one so i would say,low_focus
ive just about made it all the way round the park jogging quite pleased for my th outing,low_focus
some relaxation so much things on my list but really not that much,low_focus
i really wanna go to australia and england,low_focus
thats not what  said  i like you too though  is going steady with  though,low_focus
and you as well bro,low_focus
the day started so wonderful but now our kids our crying because our kitty is missing  we just got back from posting signs around,low_focus
every day of my life lately    i feel ya girl,low_focus
one of my prized magsbookannuals dunno if any others were published prolly should google it,low_focus
morning  how are you,low_focus
just signed upso hello twitter world here i am,low_focus
i know dont tell anyone  i dont know if my dad told the famz yet i think im taking it online,low_focus
what are those barrels made of hey pass that barrel,low_focus
oh i didnt realize its on at  as well already at work or as today still in the car dont ask,low_focus
who to say hi to and who to buy a shot to lol jk,low_focus
camping at black butte lake,low_focus
writing or making sense,low_focus
wango tango good night all,low_focus
terminator salvation by myself,low_focus
just hit the  word mark for his geography notes and im not even doing it for gcse mean while ive done a page of history,low_focus
yup but what they going do hes the mother effin champion lol,low_focus
what a beautiful day  shame ive got to spend it in an office,low_focus
its not gonna storm  because i said so,low_focus
lazy day staying off the foot as much as possible,low_focus
oh my ex  room mate is moving out today,low_focus
it is possible to frown while eating a frosty,low_focus
are they abusing your service manual follower management is a pain i love the style,low_focus
hes back meeting him in  mins,low_focus
first surprise birthday ever best night ive had in a  long time,low_focus
i guess shes not the type of songwriter who dreams the great ones,low_focus
i ate something i dont know what it is why do i keep telling things about food,low_focus
heading to the office through a very quiet stockholm at least its not sunny,low_focus
actually the post shows they know what happens when you overflow,low_focus
wish my headachealmost migraine would go away,low_focus
o and i missed it and ill miss the rpt mrw  oh well theres youtube sunday i guess thanks andrew,low_focus
together,low_focus
just listened to condre scr and got an invitation to watch their live concert on june th in munich,low_focus
ahhhhh processing shipment  sooooooo much,low_focus
bout to hit pmark then make one of my final meals wit the housemates,low_focus
how do you call that number from the uk   i really want to call u but i dont know how to  xxxxxx,low_focus
guys will go see constance 	 logically,low_focus
kikireestl nooo you were on my yahoo account hmm i wanna say bk days idk fosho,low_focus
im just up  and its  o  im so lazy thank god its a bank holiday,low_focus
went to the cd store to search for the cd but,low_focus
im in schaumburg rite now  and u want ice cream lol its type chilly outside lol i got ice cream here,low_focus
is listening the  out of lamb of god,low_focus
my hubby  promised job promotion so we didnt move signed a new lease n they withdrew the promotion,low_focus
my hair wont turn whiiite,low_focus
hahah did i hear mvp chants in atlantas arena  at least they get it right there unlike at staples,low_focus
they open at  am   and i hope to be there shortly after that   no guarantees for me though,low_focus
just finished down loading aim and guess what i can get updates from twitter on it  message me at i am katie arttt,low_focus
my new site is stuck in the google sandpit now  test of my skills until it comes back out,low_focus
how do you win the trip to america please reply xo,low_focus
being new to twitter,low_focus
oks  yes infact we had chatted earlier on nbin as well,low_focus
me tooo,low_focus
my thoughts dwell on a certain person,low_focus
me and mum are lost in grangemouth utter hilarity totally lost,low_focus
my girl friend also dropped me,low_focus
sorry just think   hrs till  days off,low_focus
last time well get tacos like this,low_focus
we get so bored with routine lol,low_focus
yo what happened to my invite,low_focus
werd thats very true,low_focus
if you can and know how why not,low_focus
on the phone to mum,low_focus
the mediteranian kitchenoh well cant get them all right,low_focus
just rocked home from maccas and now signing a petition for big bang to tour aus  lol,low_focus
up early this morning first to portmeirion then home,low_focus
lets go,low_focus
not quite as muchhmmm products in us that are not in canada idk  do you have covergirl,low_focus
might still be eating and drinking then,low_focus
see u next saturday with mr,low_focus
yeh me,low_focus
not sure why i cant get tweetdeck to work on my computer want to know what all of the hype is about,low_focus
glenna is bored but glad that it is a beautiful day macy went swimming and kris played golf while i sat at home waiting for them,low_focus
stayed home from school today   doctors sooooon,low_focus
chirstina said shes gunna twitter more no more partners,low_focus
you writing fanfic me read,low_focus
todays xkcd  looking forward to daily updates this week,low_focus
back from town and my mac crashed on me  but its better now,low_focus
its am   and i are still up sending you as much tweets as we can philippines tour please,low_focus
yeahh,low_focus
hahaha n im a do the same for u,low_focus
out to play,low_focus
ive been there  the only place i have flown out of since moving up north really pretty area for flying but very expensive,low_focus
why i chose iphone,low_focus
lol since i got twitter a little while ago it seems like loads of people setting up an account,low_focus
finally sleep time,low_focus
u can see i just twitted them if its the real xmsirius that is let me know any other contact info lets transmit this,low_focus
hows that possible no rain forecast for pinkpop and i have no ticket,low_focus
just that youre not here,low_focus
but why do i have to spend it in the office,low_focus
omg cliff richard songs in my mind just why  lol,low_focus
toy story  trailer premiered with up i need my computer back,low_focus
ive been here since  and im here for  more hours tomorrow,low_focus
where  u magazine,low_focus
whats up what happened dm me if you need to txt on my phone is defunkd,low_focus
yeaaaah tangerang in vacation,low_focus
some of yr coworkers hogging the jukebox  union jacks,low_focus
can you get catacombs ffrom the cinemas i tried to get it from my local one a little while ago and theyh didnt have it,low_focus
claire lol  i will buy u some big star wars pants  xmas,low_focus
really awesomeim mad cuz my followers r goin down  take a breath,low_focus
you know who helps me almost everyday,low_focus
off tha internet now txt it,low_focus
downing a glass of ginger ale and then relishing an early evening in bed with because i said so on lifetime,low_focus
rmbr the time when we torned for the night in sentosa i was the only one who didnt have to spit out the   unknown facts abt myself,low_focus
that came to my mind so i said it and it has now been adapted into my familys vocabulary,low_focus
is done with classes for her freshman year,low_focus
sunny synday morning nicole is up later than usual mommy got some sleep,low_focus
look at what i said tosomeone actually dont no do it dont yes noyes no ugh i dont know,low_focus
undervote is just going on  im all overalled up,low_focus
what about me   i vote every day for you,low_focus
ember yay thanks  coveri sad ang alist please,low_focus
and were in,low_focus
that ur anti is what i understood from the message sorry left off ur dont vote bnp msg at end due  space,low_focus
how was your chicken and chips,low_focus
is surfin,low_focus
wakenbake monday,low_focus
i will have to see the unveiling of your new lr arrangement  is there an official event planned,low_focus
this one goes out to jimmy fallon and justin timberlakedoin their gibb bros show on snl,low_focus
squabbling with people over the internet is great for my tumblarity but bad for my ego when they have more internet friends than me,low_focus
princess sakura is mine  therefor i want to use it on tj grr,low_focus
sitting in an almost empty dorm waiting for jordan to come to take some last things and say good bye he graduates tomorrow,low_focus
punkrockchick haha no i just saw a commercial for it  you wouldnt kill me,low_focus
you asked about my sf schedule dahlingmaybe next time,low_focus
woot you go girl,low_focus
are you in need of another kiss attack,low_focus
on the way back to dublin omg didnt hit the bed until   so i am so sleepy   but once again on the road back to good ole  dublin p,low_focus
i think your blog shouldve been on the list,low_focus
agreedthis time of the year we should change the motto to the soggy statemy backyard looks like a swimming pool,low_focus
tdh can you install ruby gems and rails on keep please,low_focus
beyonce helps me through the day im starting to get sick,low_focus
i am craving burrito boys  large halibut with everything on it no jalepenos  line hot sauce can anybody hook me up,low_focus
wow i really hope it gets better asthma sucks,low_focus
it is pinkwind is a thing from vanessas dad and my sister made me that sn in the th grade,low_focus
wow the new google icons suck,low_focus
yay me  but what in particular,low_focus
darn i thought you meant white sox,low_focus
hairspray in hair  lighterbong  new haircut,low_focus
my poor baby girl is poorly  x,low_focus
awesome i just ruined all my white clothes i never remember to separate,low_focus
its friday but i have to work the weekend,low_focus
i want to join drama practice today but i cant,low_focus
new deleriums music video  mixed by tiesto i guess bill leeb finally forgot his musics roots,low_focus
booup dlp is sold out for,low_focus
until  brings back our everyone button access pt   or link in bottom of settings,low_focus
ive made a game for you stephen   well actually its for us not you,low_focus
bitter  why hug,low_focus
how come,low_focus
take antibacterial to school to clean your hands when you cant go the loos,low_focus
umm dont ya mean ship,low_focus
i checked  we didnt win,low_focus
the weather is good mmm what to do today shame working tomorrow,low_focus
got a sunburn from coney island bike ride,low_focus
alas no its just a normal night  monday is quiz night,low_focus
then ill post it,low_focus
i wanna be at bea as well,low_focus
gnight shar    vega,low_focus
it rained here too,low_focus
its raining  i cant go out to jogging i have to do it in my house gym,low_focus
going to work,low_focus
i dont have anything being fwd through to mobileme and the last week ive gotten at least   spam messages a day,low_focus
i didnt get a callback for the play i cried  oh well i guess its back to being a techie,low_focus
an oprah guest if ever i saw one,low_focus
im not either we should have went out snicker although i am enjoying listening to rr and my beer,low_focus
byspork we shall see,low_focus
perth australia,low_focus
its saying that it is the wrong linkit cannot find the address,low_focus
huh another scarepoint coding sunday,low_focus
signing off for the night watching the reader and im sure ill snooze off at some point good night all,low_focus
jimski in my book yes,low_focus
farewelling an employee tonight,low_focus
i was supposed to go tomorrow tooooo but have to use gas and ticket money to pay for car inspection fee,low_focus
jia you,low_focus
make a videoblog,low_focus
yup way to  early and im already at work,low_focus
adel they didnt reply yet wait till they confirm in case somebody might have translated it already,low_focus
un cross them pleasei was planning on buying a lambo this summer next stop pitsvillle babypeople carrier,low_focus
backe backe muffins,low_focus
woop right am off to try to get  sleep haha its  hot  have a good nightt x,low_focus
i almost said and grammer no exist either grunt  but i stopped myself,low_focus
but i really want a sporebat pet,low_focus
i ate so much,low_focus
i get to drive my dad to the airport so he can fly to vegas for the wsop i wanna go to vegas,low_focus
sometimes spam leaks in to the message board,low_focus
early mothers day dinner with the  family,low_focus
ahh ok enjoy ill miss it,low_focus
cant a stevie wonder gabe just called me sleepypants gaby,low_focus
i know exactly where i should be,low_focus
i havent started packing,low_focus
has dislocated her knee  badpainful times gas  air and morphine are fun though,low_focus
hahaha omg i only got  hrs of sleep,low_focus
i think max my cat may really be gone,low_focus
stuck in anniston mississippi because we got in a car accident  now im scared to drive  boy drivers ed should be fun this summer d,low_focus
so now that i have a whole  followers  of them actual people i dont know what to write in here anymore,low_focus
marris i know ill have to get some soon,low_focus
youre the only person to have joined in,low_focus
ooh new bonkers is out tomorrow nearly forgot about that,low_focus
oooommmmggg you probs will too busy to slay properly for a while  hopefully ill stay ahead doing  task a week,low_focus
i agree with the whole hollie thing,low_focus
xo today yeah,low_focus
edgefest  or maybe  since youre driving,low_focus
pm perrrfect universal alignment,low_focus
yay playing scattegories and being random with joel may  sherman,low_focus
finished listening to last days of kryptons audio book loved itso sad though,low_focus
revising for exams,low_focus
follow me,low_focus
lmaoummmm nothing,low_focus
u dont have school today,low_focus
ready for our d jonas brothers experience real brothers not included,low_focus
flat tire city,low_focus
hour til lunch cant wait ima go to mcds,low_focus
inastory glad im not the only one hes our baby and im terrified hell think were never coming back,low_focus
weathers let me down this morningughhada gd nite tho,low_focus
if he is saying something i dont fully understand please let me know,low_focus
ill get my size s out now straight to the post office  see you later hun,low_focus
i just need to go to the bank,low_focus
i wanna do something tonight after work but i dunno what,low_focus
wolframs got a chinese room problem if chinese or bangalorean hackers can run it without knowing english why should it,low_focus
twitz lolhiiii yourself maybe lay off the patron and down a bottle of water,low_focus
need some pizzacant get out of office,low_focus
emoticons by christian,low_focus
fall down,low_focus
imma miss dem kobe nd bron commrcials wen cleveland get knocked out doe  they wer funny,low_focus
off to work i go,low_focus
whered you go,low_focus
tell his people to contact my people,low_focus
me a doctor laughs oh no no no i was cranes patient at arkham aslyum but now i work for him,low_focus
officially booked for seattle with  and  its going to be the best birthday weekend ever   you made me sad,low_focus
insomniaa  been trying to sleep for  hours,low_focus
heyy  how are you,low_focus
i hope so  eclipse is up and running again btw,low_focus
you shouldnt have to reset more than once  if it doesnt work right the first time something is up,low_focus
that jasper clip is my first favorite twitter message,low_focus
look everyone im a bad boy im ranked higher than meghan mccain,low_focus
hmm had first pizza in ages and feel a bit sick now  thatll teach me,low_focus
one of our governors is one of the directors of the company,low_focus
why do i have to enter my registration details every time i update,low_focus
yeah trimet says its a hr trip i get home at ish so wed arrive just as everyone was leaving,low_focus
hey hey ready to come to oklahoma,low_focus
oic where in cavite no sorry im not from america  if you can see my profile theres no word like america there,low_focus
bit of new scientist this weeks an last weeks and watership down,low_focus
just thought about my hubby being deployed n now i got the blues  i need a stiff drink but im breastfeeding so no booze for me  ugh,low_focus
nachos and the tudors i think so,low_focus
sad that borders did not have guerrilla gardening book but otherwise a most lovely relaxing day,low_focus
why didnt my favorite spotters last tweet go to my phone,low_focus
only mins till my babys back from work,low_focus
girl you know beauty has a price,low_focus
hmv shinjuku,low_focus
found a swing set for sale  blocks from home super cheap i want it  my kids but no one is answering the phone  listed,low_focus
good morning haha i just read that the swine flu probably not comes from pigs at all but from people poor pigs who got all the blame,low_focus
good to see you back sorry that happened to you,low_focus
we have mice in our attic who clog dance,low_focus
lolwhere u headed to,low_focus
it was quiet unfortunatly but what the hell its good the chill out too right,low_focus
hmmm hes so lovely i wish he was here now im tired but cant sleep,low_focus
wants new hair now just so frank wont talk to me,low_focus
im suppose to get up to go find sumthin to wear tomorrow but i cant get up,low_focus
what are you designing,low_focus
puke in my mouth the brilliant response to  in my pants    over the top wrong,low_focus
wow its only,low_focus
watching old skool fall out boy vids,low_focus
you can also watch family guy online wwwfancastcom  and yes i am a total shill,low_focus
you get to go home and i have to go to work,low_focus
my hair dresser passed away yesterday from breast cancer  she was the greatest hair dresser id ever been to,low_focus
franco made breakfast for mom here hes trying to cut the strawberries only safe knife,low_focus
off to a wedding,low_focus
really am sorry becausei was looking forward to it thought itd be fun  and u wanted to hear itiowe u a beer,low_focus
i cant i have an exam on wednesday,low_focus
i didnt even get a chance to shop  aldi,low_focus
if we dont pack she cant leave right,low_focus
is obsessing over chris pine  heehee,low_focus
now i need to change my monitor,low_focus
why do we need to wait another year for toy story,low_focus
trying to find someone to go to the mall with,low_focus
at tweetup loc but dont recognize anyone  am outside in turquoise shirt please see me,low_focus
at s with,low_focus
i have to work  but ill just watch it later even though its not the same,low_focus
a salt pig thing coz she broke her other one lol  do you guys even no wat a salt pig is,low_focus
can sum tells me how  vote  miley it seems sum peeple r still voting i went  mtvcom nd it seems i cant vote,low_focus
hahaha yes i am  lil jon is the freakin jizzle u know i named my st puppy after u lil jizzleremember lolxoxox,low_focus
i agree however i cant sell  until im a full brick  motar store  soon though hopefully,low_focus
oooh sunshine a patch of sunshine and it will be gone by the time i leave work and replaced with rain  vent,low_focus
i dont feel too bad but not sure to what i should attribute that could be cold  flu meds nap alcohol or getting better,low_focus
fatty omg i just found the worst  out and idk what to do i need to talk to you hopefully i see you when you get off work,low_focus
aww me too,low_focus
maaaaan i spent an hour on a project for work only to have the computer bork and crash and lost it all,low_focus
yeah that didnt last long,low_focus
i wash my dishes like a boss lol,low_focus
tomorrow is going to be sooo awkward  embarassing lights  sounds last night was awesome,low_focus
i can still read em,low_focus
going to group therapy session cant wait to spill my guts ha ha ha,low_focus
oh no she stopped,low_focus
just joined twitter hehe,low_focus
curses upon the ridiculously slow internetz at work  the dang image just now loaded,low_focus
riley hacked my twitter  hahaha,low_focus
am goin to sleeeeep,low_focus
i wanna b maliks from taking the stage,low_focus
change of plans i am staying in brandon  no papaya salad for me,low_focus
going to get a pedicure and the to cpk for lunch,low_focus
rest in peace  adam   glenn epps gone but never forgotten what a week loud in da air  ya,low_focus
im looking forward too see and hear you in norway live fast,low_focus
no tv and no internet make catherine something something,low_focus
ha nothing any man does is right on mothers day except for taking kids off mums hands for whole day,low_focus
and clang rocks so youre using it right  anyways according to the comments its in apples gcc too dunno how public tho,low_focus
is heading in to london to meet with  and  let us know if youre about  still not sure what time were meeting,low_focus
what up why no tweets are you also filming in a place w no signal  hmmm,low_focus
lmao yep,low_focus
yup theory is great but the reality is beyond imagination  i also made the same planning not knowing vs will fail on me,low_focus
and hand made by dan  jenn sock blockers  made from exotic woods  one of which is called purple heart,low_focus
is all alone for the evening,low_focus
bucky my ferret officially has insulinoma  now on daily prednisone had interview with pdoc today have to go back monday for testing,low_focus
hi simon let me know when its done,low_focus
i wish i was out of schoolbut sadly i still have like another month left,low_focus
i feel sorry for my bestie  good luck ali,low_focus
i have to go to work,low_focus
clonecloud actually its distant processor provisioning  like the idea,low_focus
has to go to sleep but is not sleepy at all,low_focus
layne  hmm whats ur fav movie tv shows,low_focus
is on facebook,low_focus
working on canada shoots information  coming your way soon if you have expressed interest and i have your email address  eh,low_focus
ess since t will be away  come to tucson,low_focus
it was sunny when i entered the subbasement  now its raining,low_focus
time to start unfollowing some people i think,low_focus
its such a romantic novel i cried in the end  now im going to bed im so tired,low_focus
heyy terrence u should come to my school on may th for our talent show,low_focus
amr im here  haha,low_focus
rachel is going to have lunch at baixa and has a lot of stuffs to do wanna come,low_focus
sun has been making me happy  shame about work tonight  x,low_focus
is thinking about a career change,low_focus
hes getting ear tubes in about an hour so no food,low_focus
prayers for my family and my dog  mozart is being put down this afternoon   pics of him at,low_focus
ha id give kristen plenty of free hugs sigh if only i could,low_focus
theres no pause button in the game of life,low_focus
says alright alright im going already sheesh well better be off early than late,low_focus
perkinz  idk wat after dat tho maybe sum  lol,low_focus
fine ill get myself some miso soup down the street,low_focus
back to a frizz head again,low_focus
jlh lol thats a special kind of magic though   and did you see the special on discovery  they think nessie died,low_focus
i need one of these was just thinking about it earlier today as i downloaded pictures via usb,low_focus
follow me too,low_focus
sachie yna doesnt know our password yet,low_focus
gday do you know if nhibernate has issues with com interop vb  net wrapper  netnhibernate dll im getting crazy,low_focus
new friend hmmm tell me more,low_focus
epic song y   lights and sounds by yellowcard,low_focus
make me one im still craving shrimp,low_focus
good morning campers im not a happy bear this morning had an awful dream during the night  am v worried,low_focus
to be really really not bored but bad i wont know the news  but thats ok brb x,low_focus
resorted to eating mickey ds alone,low_focus
wide awake scoffed s of a pizza and feel like a sumo  such a weak day run tomorrow,low_focus
another prof pic,low_focus
im just thinking bout life i need my bed my fiance is in bed first,low_focus
i didnt save those links i dont need distractions i just need motivation,low_focus
well being a retired drummer i can do my own drum roll so all you need to do is read my posts since they take a ton of time  lol,low_focus
is missing the fun she had with army at eclipse,low_focus
i just slept that entire flight and woke up to the fact that the girl beside me had been watching chitty chitty bang bang,low_focus
ill be at the new movie showing at the franklin on thursday night  several of the sla faculty will be in attendance,low_focus
thats what she said,low_focus
lmao im only joking mate,low_focus
when will she b finished,low_focus
planing on going on a little ride on the mtb on monday  may be in over to the tower,low_focus
loved drag me to hell and upyeah my spend the day studying plan didnt happen,low_focus
my god really really  christ,low_focus
nothing,low_focus
pair it up with fringe on tuesday that smells like a win imo as well,low_focus
have a huge block of snack chocolate here tis calling my name already,low_focus
thats terrible  i enjoy being with you every minute,low_focus
good morning from rsa twitterverse please send me some happy vibes  cheerfulness today im feeling a little sad,low_focus
why do you think people say save the drama fo yo mama im sure even yo mama wouldnt wanna listen to ur drama ode to mothers day,low_focus
raaaaaaaaaaagh early morning  and its not even early must leave for work in  minutes,low_focus
well my question is on your blog post,low_focus
august  requoting the gyaan  the more you live life the more you fail to notice how you live it  quote by muthu,low_focus
i want to get super pretty  and i want a cig,low_focus
early morning walkies really arent my thing at least its vaguely warm,low_focus
having my dinner eating bangus  its a fish,low_focus
you should totally come get me and bring me to kelslaws house with you,low_focus
i had a vivid dream last night i was crooning away,low_focus
ok      love you girls but work beckons  will come back later for,low_focus
yesterday and today was my weekendback to work moro,low_focus
my formerly pretty car,low_focus
i dont think ive ever tried peanut butter on toast,low_focus
house probably resembling your kind of heaven no  maybe ciarans angels have moved in with you hence inability to locate,low_focus
thats actually not too far from the truth,low_focus
i have a job at camp  only downfall no midnight showing of harry potter for me,low_focus
ill be grand,low_focus
im sending this to my mother,low_focus
im awake whats for breakfast lulu  on a shingle ha ha ha,low_focus
yay doctors  now interview then back  the doctors for blood work,low_focus
yay i just fixed my blogs css problem that messed up the design,low_focus
me you counting crows table mountain casino event center near fresno july  are we there or are we there,low_focus
all of em hahahahaha sry,low_focus
rocksteady pt ii,low_focus
most name brands have dairy even if its called semisweet or dark  ill try to get some in the helloveggies store,low_focus
its raining and im outside without an umbrella,low_focus
baby god its sad really  oh well lifes a partaaay xxxxxxxxxx,low_focus
getting ready for work and the sun is shining plus its the we bgt tonight what am i gonna do after its finished,low_focus
whered the songs go on the site i want do you on this computer too,low_focus
will do,low_focus
yo somebodys mother just came to the club dresses like shes going straight to church after the club i feel like im going to hell,low_focus
back to br,low_focus
so now well pay more in sales taxgreat  even worse mom and pop businesses have to double what they pay in business licenses,low_focus
sitting waiting for an exam to start,low_focus
a little twitter mention on snl,low_focus
bout  have  more drink then imma head in da house,low_focus
whole body is sore from moving hundreds of pieces of luggage last weekend   guess i should visit the gym more often,low_focus
welcome to the twitter world andrew tell david to have a twitter too haha just kiddin i know he doesnt want to have one booo,low_focus
hmm icecream for breakfast,low_focus
have been writing since pm  i only have  words cant help but edit as i write stop it self oh ive also been researching too,low_focus
is working until  tonight,low_focus
i could but that would require today not to be a duvet day i imagine that my outfit for the wendyhouse will be photo worthy,low_focus
i was awoken by loud banging and it continues all day  good thing i got an early rest last night,low_focus
the result of working the greenblack fingers,low_focus
two oclock please come faster,low_focus
is still craving for a cheeseburger,low_focus
my th post dedicated to sarahsunny weatherand my love for that snakes on a plane bring it song that should have died already,low_focus
or ftrh  for the ride home,low_focus
sadly we were too late for traceycakes but we got them elsewhere not the same but still yummy tea w wee on wknd,low_focus
the honestys to much  sorry couldnt resist,low_focus
i am having serious cig craving head for kitchen let the non smoker weight gain begin,low_focus
finally xmen origins wolverine arrived time to play the game like a mad man and then its time for the review  patrick,low_focus
i really know how you feelin i wish i could hug you,low_focus
i wish i had my ipod  i need some jonas  i miss their sexy voices  jb forever,low_focus
haha i shaved all my facial hair off except for my moustache cause i thought it would be cool but it made me look gross,low_focus
penguins win in ot probably why you were busy  one more game to win,low_focus
i want to borrow an mx this weekend,low_focus
just got up couldnt sleep anymore i guess and im not really gonna go back to bed im not really sleepy,low_focus
please dont get me watching bb too,low_focus
without wings again,low_focus
mine too,low_focus
homework  study guides,low_focus
wonders why her karma points turned into,low_focus
going to start very small like  or   then slowly to higher stakes,low_focus
email those pics on ur labtop to me  i wana put one of them as my background,low_focus
awesome tell me if its good i might watch it,positive
we shuld do  a dance like that its seriously the best thing haha see yu tomoro,positive
should not have waled past the quad i want to be outside having fun,positive
just had a great study time followed by a delicious japanese meal with arty now trying to get back into the study mood,positive
thank you  usually the learning happens after i get a little rest and review my notes  which reminds me id better get some rest,positive
happy birthday in  hours and  minuets  haha,positive
filming at a carnival for my music video it reminds me of the cherry festival that i used to go to back home ahhh memories,positive
mommas day is may th dont forget to do something nice for your mommyyy,positive
watching my tiny nephew  perfect baby,positive
yay thanku hugs,positive
have fun tomorrow night i think it will be more fun at a bar than art gallery wish i could be there,positive
thats love,positive
all moms in the world congratulations,positive
chillen trying to figure this thing out gettin drunk,positive
amazing day with my boyfriend hes a good drummer,positive
happy star wars day everyone  off to celebrate with the family ok were not celebrating it but i am going round to the famos,positive
im sure that would make mr koons very happy,positive
i think you should follow me as i only have on follower stalk me please,positive
thanks though  am trying to be positive  wine may not be helping lol  wish i could make the gigs,positive
mgm grand mraz on stage no doubling back opener  lots of old memories flooding back,positive
and thanks for the gorgeous flowers,positive
nice elise rolled out  thas wassup have fun ladies,positive
i need this right now this is absolutely mindddd blowing  i love this so much,positive
id be soo honoured if u cld chk out my beats perhaps sm advice on wat i nd to do  improve da overall sound of my music,positive
ahhh  whatchu talkin baby  hahaha i cant believe youuo heh actually i can life is worth taking risks,positive
most definitely,positive
some of my new followers are pretty cool tweeps check em out,positive
got alot of runnin around to do today to get this job app completed so they can have it on file so glad i got this job,positive
hahahahahahahaha hope so i hope youll like it,positive
lol you guys are awesome,positive
hope you did great  you certainly spent enough time studying,positive
that it does  just wish more people would notice it,positive
playin city of villains wishin my buddies were playin with me,positive
i love you you make me so happy,positive
to every mom mommy and mother happy mothers day   hope you all do something special and fun today,positive
new phone  zero contacts  poo send me a message with your name so i can save your numbers thanks,positive
a bit too early for me and wanting to have nice lunch too have a good time,positive
happy mothers day to my mom and all the mothers in the world,positive
watching snl because the love of my life is hosting,positive
nutbar good morning  how are you,positive
happy mothers day,positive
i have problems wih pizzaii love it too muchim so addicted to pizza  and dot dot curve,positive
well it would seem that you can enter nine s if you are an individual without a ssnitin or ein according to apple  hurray,positive
thanks do the invite though,positive
i love my mom happy mothers day mommies,positive
loves using remote access to use my desktop from my laptop   back from emerge once again,positive
good night rob sleep well safe travels tomorrow,positive
finally made it to the qchappy mothers day  got my car,positive
just watched another episode of jonas is it better than hannah montana very much true,positive
happy mothers day  me,positive
your birthday well happy birthday,positive
ohh i forgot to tell you last night that when i was a alton towers i touched a shark  it was amazing  it was nt a massive one tho,positive
my lucky lucky friend is at a nickleback concert atm  i wish i was there,positive
thanks ennio,positive
so happy my vstudio shortcuts are backkk,positive
thanks for the answer  i had been wondering the whole week,positive
if i could id send california sunshine your way,positive
great exercise for a sunday morning stopping the wheel of karma raw and transforming negativity into love life,positive
congrats photo of dre,positive
woah thats cool  just landed in london about  and hours agoi love the scenery beautiful,positive
driving home to trade cars  hopefully it makes it,positive
working on mothers day slideshow cake card and balloons  she deserves the best,positive
its mothers dayi already bought and gave my mothers day present to my mother,positive
i want to gooo,positive
can i come   im merci btw i have always been so inspired by you since i was a teenager,positive
yay that was good umm reggie perrin next oh who cares nos watching bbc  lol,positive
hope u did alright on the final,positive
full moon my lovely friends and family my bday wish came true in additiongray matters is one of the cutest movies ever,positive
and  happy mothers day to all moms   you sure are the  heart of mankind,positive
new hair going to greeattt use,positive
that is incredibly sweet what a good hubby,positive
back from mellys party i had fun  im sleepy now,positive
i wanna be  jet in the mirage     couldnt get to hawaii either   someday much love to thewockeez and supercrw,positive
aww  happy mothers day to you too girlie kingston is lucky to have such a great mommy,positive
why would they take a photo with stuffed animals thats pretty funny,positive
goodnight tweeps,positive
welcome,positive
is back at working auditing away time to make the hard decisions and be happy,positive
won a diamond for my comptition   yaayy tomorow its the diamond dance off  were the best   still in montral,positive
oh really  hopefully it was a good one i just was trying to get your attention thats all,positive
on page  of  of betrayed by pc cast really starting to enjoy this series,positive
aww thank you soulmate haha,positive
thx robban,positive
will u say shoutout to nikki please   soulja boy tell em live live,positive
whooooooooooooa ang ganda ko dito ha  thank you,positive
i love googles mothers day theme,positive
thanks mama  i absolutely adore her,positive
you are sooo lucky my fiance is away wthe marine corpshavent even seen him yet,positive
day is going well so far meeting until  though,positive
finished watching episode  of ruby metaprogramming screencasts lots of cool tips great but need to more coding practices to master,positive
i know its against the law i am a rebel in small things,positive
thank you kirst  your posts on running inspired me,positive
fun is being had,positive
mexican coca cola in a bottle new favorite thing  no high fructose corn syrup  sugar is so awesomely old school,positive
lol glad you like it,positive
thank ye vaneta  much appreciated,positive
im come and try to find you and be your fan too,positive
tts ridiculously sweet of you,positive
love this one especially the shoes  anyway gmn punya acc lookbook ya,positive
im gonna miss these guys so much  thanks for making the  years at senior school amazing,positive
up and washed  im clothing myself as i type xd woooo,positive
hi there  i agree  small children should be running about happy not breaking down in tears,positive
cowboy westernshavent seen those in a while good luck,positive
thank you,positive
omg is this the sun glimpsing through the clouds woohoo,positive
i love my maitu n she loves me happy mothers day mama,positive
at    happy mothers dayyy deniseee,positive
haha no kidding i listen to them all day long bud,positive
yup  now i can join in on the nin access fun,positive
has finally learned how to think before he speaks and it works wonders,positive
good morning world,positive
just got home from a nice party just not tired yet,positive
yo thomas thanks for the follow  social media director at disney thats awesome id like to learn more lets do lunch,positive
i feel for you that sounds like how kiya was last night  all i can say is get comfy on the couch and enjoy the cuddles,positive
using yahoo pipes to combine feeds  doable  reliable i guess,positive
ahh i love chinese music haha  not gonna see my luff til thursday,positive
at social  just saw g awwww,positive
wow what a storm we just had now no power,positive
hiya been looking for you,positive
he loved it so happy birthday   he said you sounded like a mixture of john lennon chrissie hynde and janis joplin,positive
nevermind beyonce doesnt have a twitter  haha,positive
today felt so much more crazy than it was  i digg the new addition to the family there pretty cool,positive
im cool  cant wait to hear these stories xoxo,positive
well off  bedcant wait  party  mothers day in like  hours or so,positive
and i just love every little thing about you,positive
free for all good nite i mean its a good nite wateva,positive
i love my life  ni night twitter,positive
i think that im the only  on,positive
sending blessings out to,positive
about to head to the strand goodnight,positive
sounds awesome,positive
its a great movie  my best is the welsh flatmate,positive
u welcome babe kill the show yuuupp,positive
happy star wars day,positive
its definitely coming hope ur ready,positive
wellhopefully someday soon you can get one,positive
take that take that in your faces  robbie won,positive
an happy mothers day,positive
your gonna be the first  twitter  cause your amazing lol come to canada  would do anything to see you perform,positive
hes an amazing jockey saw that clydesdale commercial tooloved it,positive
school  days  so exited amazing premier,positive
haha agreed  lol,positive
burning cds  outa blank discs,positive
after  weeks it has finally rained  not quite enough yet but more seems to be coming  the garden is very happy about it,positive
happy mommahs day to your moms,positive
leigh thank you  just trying to stay in a positive head space to keep pushing through it all hows things at your end,positive
hahaha niene ur soo smart lmao i think that is who its by  good lookin whts up gurlie i come home this weekend,positive
cool thatd be fantastic,positive
soi was half asleep when i wrote the previous message greatest friends haha  you are,positive
lamont yr very young looking dude,positive
also happy mothers day,positive
ohhh i really want to see coraline it seems really good,positive
happy mothers day all of the moms around the world  i love mine more than anything in the world and cant wait to celebrate woo,positive
thanks i love it they have a video so you dont need to download if they dont offer everything you want  will try,positive
is getting married in vegas in november by an elvis impersonator am so happy,positive
on my way homee  i love long car rides,positive
ooh thats an early start  ive got bed planned for that timehaloveyoujonesy,positive
wowie wooie someone updated their twitter without me having to remind you im not even madim impressed  how was the lasagna,positive
hey i know ya dont know me but i wanted to say yopu have helped me a lot i was over in iraq and i wanted to thank you,positive
the hotel should be thankful,positive
woo two days till awesome gig one day till uni is finished for  days,positive
nicest thing from kate nash,positive
you should so host the next logies i only laughed at your bit really,positive
had a great weekend but ate too much i think  i am looking forward to my trip to hobart on friday the th,positive
i liked it  did you record it yourself  if so you have a very soothing voice,positive
i love you,positive
i forget how much i miss my tribe til i have limited access to talking to them spotty internet in the country so i wont be here long,positive
but better hurry so you wouldnt be labeled as copycats,positive
wish i was in dallas can i still say ow lol hey u spelled my name wrong  its all good thanks for  love,positive
ahhh my mommie got me new sheets for my bed  so comfy,positive
higood luck for the mtvawards im sure youre going to wini hope soi love your work ha you speak spanish take care,positive
taking care of sick children,positive
my dad and i totally just rocked out to the offspringpretty fly for a white guy haha,positive
lol i like challenges  the more impossible the more i want to try,positive
lol  i could have written that  would be good to have  mondays this week then i might catch up x,positive
staying afterschool today  not that i have any friends on here  but if i did  id tell em to text me  lol  likin us,positive
ohh grandpas stable wont kno all details til tomorrow when i visit keep him me and my fam in ur prayersthank you   goodnite,positive
not at prom ha chinese iced chai and some old school pokemon good night,positive
it was amazing but due to time constraints could only visit the meadows and pine forest shall post images later,positive
awwww   ive got some photos of cute bunnies,positive
hi  godd day eweryone im in a reel good mood to day,positive
i need some motivation in my life oh and some love would be nice too,positive
and i was just gonna ask you if you wanted to go to club hidden house on sat night hehe,positive
fabulous and i didnt get that pic  gmail be acting the fool sometimes can u dm me it,positive
thats alright add your egg and maybe some sort of leftover meat and its not so bad,positive
little beetle not feeling any love  searches are bring up zilch bar  peeps that appear funny,positive
aww i got to see my st grade teachers last day before she retired,positive
good morning its friday and the start of my work week  but lakers are going to take the th w tonight woohoo go lakers,positive
watching men n blk  wishin all the mums happy mothers day,positive
oh yes level,positive
dont know yet no word   hopeful though and some good stuff happening lately so im getting excited,positive
hearing that my songs brighten someones day always makes me grin,positive
awesome,positive
its been so nice all day and now it looks like its going to rainjust when i was getting excited about taking photos when i get home,positive
so who is in for bring at hk lounge tomorrow   all you can drink till pm then kareoke i think it will be a nice sunday,positive
i like it,positive
hahhahah that really made me laugh out loudd ahahahahahahahahah your fuunny,positive
headed to verizon praying that pinkberry is going to make it,positive
hayley williams is pretty much amazzing,positive
mmm pizza for dinner yum but i burnt my mouth though,positive
jonas wow theyre totally amazing and theyre more than awesome,positive
and its amazing  x,positive
enjoyed this week off work back next week,positive
yes yes you should especially with wine and mushrooms ummm i love mushies,positive
my dad knows i got drunk today and i didnt get in trouble,positive
i just got through doing my work now i can take the whole day off its great being your own boss,positive
happy sunday all,positive
i wish i could have time for my xbox  project all tied,positive
thinking about recent job opportunities and hoping to get one and gettng ready for church,positive
super excited just bought my tix to see hey monday on  again  svetlana j denverco,positive
hey lets follow each other wouldnt that just be awesome,positive
happy mothers day mumm  xoxo,positive
haha no problem its fun isn,positive
jesus heals,positive
eeek your coming im soo excited to see you on thursday,positive
monday morning bathing  soooo relaxing if i was a lady of luxury i would start every day like this,positive
buckley good morning from sunny londonsounds like an oxymoron but happens to be true of today  hurrah,positive
i dunno if he saw it  happy birthday girl,positive
at the wedding reception having more fun than i thought,positive
if theres a camel up a hill and ill give you plankton hilarious,positive
good to hear several of my peeps are working tonight,positive
dgroup saturdays with a little bit of football an hour nap  hours of soccer basketball in the tsu and yogurtland lifes good,positive
congrats to howie i hope you bring little james to germany soon  wish you all the best for your family,positive
namaste hooray for monday undaunted by a am wakeup i consider it is am in london and feel justified bright side to everything,positive
best kind of gum ever i just bought a pack,positive
whooo baby good luck,positive
just snuck out my window now im laying on my roof looking at the stars its a nice night out tonight,positive
says happy mothers day to all the moms out there,positive
bout to go to bed pretty good day for a monday,positive
happy mothers day everyone,positive
have a good day  im checking out hugh today also be on lookout for best cassoulet recipe you will have ever tasted,positive
going into town later to get myself a birthday present  an ipod touch will do nicely i think,positive
having a cup of tea  i have a cold so its tasting really good,positive
we didntbut we did have to wait a good twenty minutes for one  good night though,positive
that was fantastic thank you,positive
packing gym bag off to the gym in a bit squee im my happiest whem im on the go,positive
excellent point,positive
jane   hope yours will go away quicker than mine  weeks now and counting,positive
had a good time out  now i must sleep lol gym  dance rehearsals in like  hours,positive
sounds like youre having a great time,positive
would like to have a gaming system,positive
tha lol  congrats,positive
loong day in bed cuddling with papabear and watching south park yay my bday bbq tomorrow cant wait,positive
did you go to uga if so i liked you better before i knew ha,positive
coffee brewing on this  morning im  to the fray heres to a good week,positive
thanks dear wish you the best too,positive
says happy mothers day to all the moms out there,positive
oh and a very good review,positive
pauly wallly  you made my life  happy as hell and i love you x you should reply back to me,positive
how lovely,positive
i would but hes premiering avatar footage and cant do it then also we better hang out,positive
hey    im new here   is this a recorded show viewable later too  thanks  social media tv live,positive
sleeptake twothis better work,positive
hello  im up late playing on the internet i love you,positive
wow heather,positive
heres some healingsleep energy sweetie,positive
youre the absoute best,positive
spending some quality time with my fender tele deluxetrue love,positive
loves the nd half of even days orch and jazz band with daddy,positive
d youre gonna take good care of that little baby and hes gonna be a strong boy thats for sure,positive
muahahahhahaha   well maybe they think im crazy or something i havent scared  yet though,positive
oh i love sunday mornings like this  mum just made scrambled eggs on toast,positive
graham yerrrr sameee haha its the way he plays edward i thinkk mmmm,positive
catt i totally love your default picture you seem like such a fun mom,positive
glad to hear youll have your st tournament soon as ksn says we need more practice,positive
i am soo excited about your pasadena seminarif only i can find the confermation email,positive
well keep me posted if it comes out fully thanks,positive
hi waking up and not lazy at all you would be proud of me  am here btw nice colour not burnt,positive
omg wow  i hope everything is ok now,positive
off to enjoy a hanami picnic at the cherry tree park hope the weather stays nice,positive
today friday i really hope you will read my messages here and reply to me soon i could not reach you by phone before you go to work,positive
yay i love it when you host money for breakfast jenna lee  hrs of you the amazing and so pretty and sexy jenna lee yay,positive
try  first female fronted metal is awesome    unbreakable album would be a good start,positive
home from chelseas  jam sessions    chelsea  abby  i luh you,positive
did u watch the spelling bee contest  winner kavya shivshankar  impressive performance  i had not even heared most of the words b,positive
my it teacher made the lamest joke today about darth vaders birthday cuz it was may th lol i love it happy star wars day everyone,positive
barack obama is a legend just watched his dinner speach it was pretty funny,positive
you looked absolutely beautiful and elegant,positive
its very pleasant i sooo rarely just have time to kill,positive
feeling some butterflies today   study study study contracts gonna ace this then on to the writeon competition for the journals,positive
good morning my fellow tweeters,positive
happy star wars day,positive
just got back from kuantan had sooooooo much fun,positive
haha lol  no one is effing cool as you you got the wutang and pe tshirts you are gorgeous  represent at the same time,positive
yeeeah d lmao dentists arent nice  espesh after they decide your too old for goodie bags with stickers  awesome toothpaste,positive
but it is a good one,positive
now have windows  up and runningvery very happy  its got sum wicked new features,positive
a pretty black top with flowers in pink hues,positive
i love the smell of procrastination in the morning oder so,positive
car shopping with kacy yay,positive
haaawwell i get out of class at i hope i make it,positive
just got back from a run  im feeling grrrrrreeeeeaat,positive
is wanting someone to spend her summer evening with whilst shes in such a nice relaxed mood,positive
the best thing i have ever done is carry and birth a child,positive
congratulations i am heart hacker not a computer hacker,positive
omg that was my twin sisters fav song,positive
lmao just saw this that sounds hella good i have a hair appt at,positive
good morning return to willen island  spring has most definitely sprung    enjoy,positive
tomorrows mothers day  me n my sis gonna make an onigiri for our mom its gonna be so kewl cant wait for tomorrow,positive
marie justin timberlake is sooo funny,positive
heading out to a longband practice last one before our first show on saturday night hope its a good one,positive
lol very true maybe next year i loooved that siggy and i dont remember what the password for the mod thing was  cake,positive
as a proper journo i would have to agree with you,positive
oh okay cool i love the fast and the furious cant wait to see the new one,positive
fun times  thats my friends beer  heres the pic,positive
watching friends reduces stress inside me thanks to bright kauffman and crane who are created these series  love love love,positive
happy mothers day mom,positive
has a new nick name  arosh i like i like,positive
its weird how thinking about may nd totally changed my crappy mood to happinessi miss  so much,positive
jersey weather  and good on you for the charity drive,positive
cuz ive never been added to anyones followfriday either   cuz hes got a cool picture,positive
always a good idea,positive
movie then sleep today was good day  hdff,positive
love it i wish my other half could even name web design ladies,positive
oh my god oh my god oh my god new supernatural starts tonight  new sam and dean oh my god cant breathe,positive
just got a call from my realtor saying i have another showing on sunday no offers yet  but at least there is a lot of interest,positive
great social network sites are still growing,positive
i see you hannah klein lookin good today,positive
rise and shine  time to get prettifide,positive
hecks yeah jandy timsamlake is too rawesome,positive
oh happy day nice weather smiling happy baby and icecream later,positive
lol i had a peek at  its coming along nicely  i totally understand about leaving the set quiet too,positive
we just hit  views on myspace thanks everyone,positive
rofl u did  hahaha lemme tell salman munir p p,positive
wishes happy mothers day to all moms out there,positive
subway  im going to get subway  love it ate it often when i was in new zealand,positive
the sun is shining  have a great day,positive
i so wish i could get pregnant,positive
thanks for following,positive
i agree with  come to canberra we are the raddest,positive
oh i ate pizza last night too  i stupidly feel closer to you somehow,positive
hoping that one day i will be able to go on dates with my  year old boyfriend without his parents,positive
rosaen i love your new bracelets im a very proud sistayou rock girly,positive
coach   imho this soft is the best to keep the chaos straight,positive
for us tweeps dont forget to call your mom today,positive
its a beautiful nice day and im stuck inside,positive
today is another good day for some less extreme experiences anyone a fan of  im watching season  now,positive
dont ever turn off the part of your brain that talks  thats where fun comes from,positive
the best things in life are free  x,positive
have a happy friday and weekend everyone  tgif for me is nothing,positive
happy bank holiday monday tweeteramas ill be spending the day doing yoga and having ocd attacks you,positive
happy mothers day to everyones mothers motherstobe grandmothers great grandmothersall the women i salute you all,positive
emergency radio for iphone is awesome listening to johnson county sheriffs live scanner stream,positive
looking at our photo shoot picscheck out our myspace pics to see themi love them all,positive
i just realised how much i love sundays,positive
listening to david archuleta album its amazing,positive
griffiths there was a good atmos i decided to stay til closing very funny,positive
all alone in this old house again  thanks for the net which keeps me alive and kicking whoever invented the net i wanna kiss your hair,positive
the come apart easy enough,positive
gonna try to get a couple hours of sleep love going to bed at  am later twitter,positive
good  morning just went to bed it feels and already morninggoes fast now i am going to the gym soon have a nice day,positive
going to meet the new family im babysitting for wish i was still sleeeeping,positive
finally feel back into swing of things here at work after getting married last week sigh of relief for no more wedding planning,positive
we are ready for the new generationoh yeahwe are a backstreet fans and we are proud about it,positive
welcome to my life,positive
yes reprieve one paper pushed back until friday that leaves just three more pages due by pm not even a problem,positive
yep  three things a good haircut the ability to listen and the value of not taking yourself too seriously,positive
gonna go to work with my honey today so exciting,positive
gnight jonathan i tried to stay up i really did i cant wait till ur in my timezone will be so much easier then,positive
now comes the fun part  because you can find only a few offers per country or you live outside us your changes can be quite tiny,positive
fully inspired to write a song,positive
g a price drop would be nice  i want another one for a backupbluray player,positive
thank yooou i might have to get it seen to hm,positive
im up wit cha just got home from da reggae club wishin i was sexin somebody,positive
love me love me say that you love me,positive
in san jose   having good time w bros  also helped dad edit next  holy land brochure wish i could go,positive
got approximately  hours of sleep last nighti love my life,positive
glad to see its a typical bank holiday weather wise  i was going to do so much today  yeah right,positive
happy mothers may to my mak   love you always xoxo,positive
weekend is getting close too bad ill be stuck up north  hopefully ill be able to get out next weekend for some real life fun,positive
did you tweet me i thought i remembered seeing one but i cant see it now so glad teatree is ok,positive
thank you so much phaoloo,positive
im still at the mothers day lunch at my uncles house having a nice time,positive
breez yer please do have a good day,positive
loves random acts of kindness and laughter,positive
aww if i could i would  gby,positive
weetabix and choco milk  yum,positive
get it right i think i am obsessed with hydes voice   ive chosen a guitar song to learn for the summer time to perfect picking,positive
follow me baby u said n da chat u will  luv ya goodnite,positive
will do of will did lol  great episode,positive
because its like ten times better than this place xd and its so beautiful and fun  and they have gold coast hot dogs xd,positive
glorious sunny day in london town im in drama school fighting people with swords while protecting my romantically structured face,positive
watching one fine day while eating my cereal start a good sunday with a good movie,positive
good morning  just took the longest shower ive ever taken in my life like  to  min shower woah lol,positive
guy me neither  but its getting better,positive
but but it was funny when i wrote it,positive
loving the sunshine wish poor richie would feel better,positive
look who i found just for you,positive
on the monday so i wont be able to be with you  i love you,positive
oh i know and i aprreciate it  it can be my back up plan,positive
yep nothing to worry about,positive
snowbear has finally come outcongrats che and warren,positive
no worries,positive
with  walking the streets of harlem home sweet home,positive
would applaud selfvalidation for all sorts of good theological psychological  sociological reasons but agree  lighten up,positive
i love the video for da funk by daft punk,positive
omgssh  ang cute ng bby,positive
i need a good idea fast,positive
study all day  just finished my care plan  hungry as hell  ima go treat myself with a burrito for a good days work,positive
ive never been to prague but if i had the money itll be in the  first cities i visit,positive
thanks mr dj,positive
okay so yesterday was good went food shopping cooked some chicken tacos and bakes some cookies  now i am back at work,positive
being a computer geek is entertaining i think,positive
joy i feel like red lea now,positive
lmao you witty wackoloves it,positive
o lol but tiz a good song,positive
god i love quizzes when i get my phone im gonna be on it  doing facebook quizzes,positive
you have dsl welcome to,positive
e thanks for following me nice to meet you,positive
church bellss are ringin  got to go adieugod bless in german,positive
lovelytrinkets i like the way you worded that about rocky road,positive
you were greeeeeeaaaaatttttttt babe it was amazing,positive
over lt training today ehhh hard to tall how hard it was but now i feels good sunday race day again its raining now so lost of mud,positive
hk very funny,positive
i wish the weather would be slightly less rainy so i could use the hot tub,positive
yeah yesterday i turned  my parents rented me out a hummer limo it was pretty cool,positive
you said darling what happened did i fall asleep and you carry me home cuz i know i wasnt here goodnight twitterererers,positive
love your books,positive
same here  events  writing songs but i just finished my tmnt vs mmpr song so im excited to record that on wednesday,positive
lol yeah ima mama  thanks happy mamas day and lakers day i love it,positive
staying home because im badass,positive
my darling dd says my mum is my best friend and she told me to tell you all she said that in here too  so i did love ya moo jd too,positive
i want chinese food really baaad,positive
thats so cool,positive
heading back home with a win,positive
extremely happy to see my new track the awakening featured on indivibe,positive
it is my honor,positive
lolz at your modestykix roxnow all the gals will be lined up at your door,positive
yeaa i know she is smartier then that plus she knows the real thing is better lol,positive
meebocom is a free thing  it doesnt effect the comp thats what i use,positive
the star trek in imax wasnt in d but it was huge on the screen  still worth watching,positive
right im out of here peeps i hope  fixes twitter mobile so i can tweet from the race mtwitter has been down for  days,positive
thanks stephen appreciate it,positive
i have been awarded my first ever credit card,positive
is new van a nice one,positive
ill keep yall in my prayers but welcome back to tx  hope you have a goodsafe flight,positive
i also have a certain cd from camp that a certain somebody gave me  yeah theres this guy in the video thats really frickin hot,positive
im feeling higher than mt everest,positive
ok break over back to the books have fun lovelies,positive
wishes that you would see not with your eyes but with your heart,positive
i love  very much  i called him but he was talking to other fans  i love you a lot mitchel ill see u in el cajon june,positive
dont worry the bizarre will find you,positive
but hes so adorable,positive
things this twitterer could do without   src   i like this guy,positive
shanghai is also really exciting precisely  skyscrapers galore good tweeps in china  sh  bj,positive
haha well then maybe u shouldnt be so weak  hehe jks,positive
to overcome whatever darts the enemy may try and stop you with weve gotta stay focused tweetz  god bless you,positive
ha ha no will be thankful i am not dragging them up a mountain today,positive
you seem nice youre generous and you know your stuff,positive
how poetic great going keep them coming,positive
more criminy cuteness,positive
oh and twas my very brilliant idea if i do say so myself  what can i say im an ideas woman,positive
youre welcome cutiepie kiddo in your picture btw  love those shades,positive
would some one plese suggest me a great thriller movie,positive
hehe  about nz being the most magical place on earth,positive
inspired to blog about something inspirational haha,positive
is soo in love with beyonces song smash into you,positive
preet haha one of the many reasons i love you,positive
i love waking up and thinking its a weekday but then realizing its the weekend,positive
morden be at richards if not then ill see you when youwe get back  good luck,positive
sweet nk dreams love you all,positive
going to bed after a great night with a friend  glad to know she has the same feelings about classes as someone else,positive
just saw confessions of a shopoholictotally fell in love with hugh dancys accent  need  for tomorrow new top i want,positive
but on the bright sideno school,positive
youre welcome there  i added you already,positive
big thanks melody  gotta love that sunshinelots of vit d,positive
bear i like you,positive
hi  i have the net yayy im here for a short time though,positive
yep  itll be awesome to the max  haha,positive
same to you bud kudos on your hardcore gym training its a great lifechanging experience keep it up,positive
ahhh im drinking some too and bride wars is really good,positive
at the bus stop theres always a big pile of loogies so gross,positive
hi isla i hope it does too,positive
i want cookies for breakfast luckily im an adult and can do that,positive
well my dog still isnt at the shelter i hope someone good has him,positive
im concerned for that family,positive
if its any consolation ive had to abandon the back garden thanks to my superreflective laptop screen,positive
d thats good to know and i bet he looks just like you,positive
to you my friend,positive
i love the site what a hoot really enjoy the hair cuts in thailand always try to time ir just right thanks for the tip,positive
productive day,positive
i sure she can,positive
thinks fml should changed to lml love my life,positive
just set up a new computer again min i love norton ghost,positive
i had the best day ever i missed him more tomorrow too,positive
just finished yet another amazing book by susan elizabeth philips  god i love her books so much which one to read next hmmm,positive
is awake  still feeling sick     but i got the blog done at least,positive
gmorning hermana thank you for your testimonial it is wonderful posted already,positive
fuze was giving away capes at komens race for the cure today and id always love a hug from you hun,positive
reyour joint w  is crazy thx    hey trax heard a er rear ended you,positive
very sweet haha i am like super proud to be a new mom i feel like i got the perfect daughter and i am a great mom,positive
making german apple slice  nom nom nom,positive
good idea ill have to remove all the old receipts tissue paper and other nonsense before i can take a pic,positive
good morning people have a great day,positive
well thank your phone for me,positive
tikcets are only eachbut i so want to go,positive
i reeeally wish i could be there  havent been n a whilewhats goin on down there lately,positive
please let me know if it is allright de i need to know but first just wake up a little and enjoy the cofee,positive
thats great,positive
getting nails done how relaxing benji is only  hours away,positive
ohsummer beginsyay  the fighting crying and stress has started with the kidsits only been  hrs since they got out,stressed
under sooooo much stress lately,stressed
people at work are stressing me out,stressed
makin tea an its stressin me out,stressed
getting stressed over a sortie tomorrow and like i am really really stress,stressed
wat a stressful week i jus hope everything falls into place me,stressed
so tired,tired
is tired of summer already,tired
really tired and have to work the whole day tomorrow the thought of it depresses me  uncoooool,tired
is pretty dang tired but chambers class is for napping,tired
doneeee wheeee hahaaaaaaaa so tired and sleepy  peter u suck not coming to my bday,tired
oh i am just so tired,tired
omgod im soooo tired    i dont think i have the energy to film today lol,tired
leaving work going to crystal to search for her license picking her and bia up then heading to vegas ugh im tired already,tired
its at  am im very tired but i cant sleep  but i try it,tired
i misses my bed  so sleepy,tired
helloaint been tweetin all day cuz i had  switch things over  da new place exhausted and sick,tired
im so very tiredand have insomnia,tired
is tired and turning off the internet you can play on it in the morning,tired
sick n tired of people who steal other peoples work,tired
its  hs and im still at the officereally tiredwanna go home,tired
tired as heck i wanna go home and sleep but i cant cause im have to be at the wash till my daddy gets off work,tired
is tired and sad,tired
tiredbut cant go to bed yet,tired
omg really  i sowwy ill do it again p i was tired when i did that this morning p lol,tired
